Song Title,duration_ms,tempo,energy,loudness,speechiness,acousticness,instrumentalness,liveness,valence,chroma,explicit,popularity
Headlines,30000.0,102.27272727272727,0.21486367,-65.50724,19.655262,0.896361401564106,3.378148e-05,1.4101284,22.16546310399112,0.4375937,0.0,50.0
The Motto,30000.0,117.1875,0.21891442,-65.48565,24.584963,0.8877945236255903,0.0017415385,1.1831586,23.32004625446452,0.43206602,0.0,50.0
Started from the Bottom,30000.0,86.53846153846153,0.18698485,-68.16131,27.840496,0.884392247402435,0.00022058416,1.071251,22.433463932159214,0.41680074,0.0,50.0
"Hold On, We're Going Home",30000.0,100.44642857142857,0.16097282,-70.12918,26.46793,0.8654337020283884,0.000171168,1.6025302,20.389511885461115,0.5844124,0.0,50.0
Too Much,30000.0,110.29411764705883,0.1675257,-67.246994,21.65743,0.9060859875087949,0.013276552,0.9540629,21.785758150446455,0.3879892,0.0,50.0
Worst Behavior,30000.0,117.1875,0.12104618,-72.0839,23.502861,0.8963826572039538,0.00021929084,1.2598082,21.043857680798787,0.41473907,0.0,50.0
Know Yourself,30000.0,127.8409090909091,0.107625835,-71.86518,26.042725,0.9161863860860529,0.00277676,1.2020898,22.138957524172472,0.3555651,0.0,50.0
Hotline Bling,30000.0,133.92857142857142,0.18343867,-71.763245,28.59174,0.9239674469302107,0.05290712,1.3090386,20.61894268076514,0.5210657,0.0,50.0
One Dance,30000.0,148.02631578947367,0.10580385,-69.91584,22.615599,0.9317854213185058,4.2121195e-05,1.0877464,20.591766526094,0.40978506,0.0,50.0
Controlla,30000.0,127.8409090909091,0.045995843,-66.018394,25.74489,0.8775858415534302,0.00037705692,1.4549711,22.294957217567312,0.37031677,0.0,50.0
Fake Love,30000.0,125.0,0.20207042,-68.43053,28.843977,0.9084728716807475,0.12215549,1.1235328,20.86185617452896,0.50664353,0.0,50.0
Passionfruit,30000.0,148.02631578947367,0.1734566,-77.89466,11.854565,0.9834034401609177,4.8677534e-06,0.86923647,21.906269890278242,0.3525682,0.0,50.0
God's Plan,30000.0,152.02702702702703,0.09119373,-71.47765,21.326603,0.8988179747587088,0.0006206032,1.075823,21.85411342450851,0.3966758,0.0,50.0
Nice for What,29753.469387755104,126.04801829268293,0.074416555,-60.27707,26.31921,0.8243539423472275,0.00025777225,1.457509,22.69692388679715,0.35577744,0.0,50.0
In My Feelings,30000.0,130.8139534883721,0.13245483,-70.81197,27.029692,0.9120227910338525,0.048535272,1.1677036,21.415537485599373,0.45612654,0.0,50.0
Nonstop,30000.0,144.23076923076923,0.24249417,-66.54798,25.976397,0.9086468910159363,0.004312252,1.2604333,21.96259219992497,0.39112133,0.0,50.0
Toosie Slide,30000.0,117.1875,0.160982,-68.90213,25.908937,0.8922467954167221,0.00029773795,1.26939,21.82843996322061,0.47812563,0.0,50.0
Laugh Now Cry Later,30000.0,137.1951219512195,0.12767293,-67.03304,26.74104,0.9285881470693379,0.00036533864,0.9836588,20.737793845479434,0.4713227,0.0,50.0
Way 2 Sexy,30000.0,137.1951219512195,0.22461471,-68.78901,29.266476,0.8919859368814129,9.369284e-05,1.1472435,22.31739361936287,0.5340805,0.0,50.0
Knife Talk,30000.0,137.1951219512195,0.028711883,-69.70135,28.058514,0.8806362482281803,0.0007363826,1.2777483,21.861163904129672,0.3981966,0.0,50.0
Jimmy Cooks,30000.0,156.25,0.12314323,-68.79075,19.835466,0.8532282165930632,0.00023329309,1.2031375,21.798060645635424,0.5865137,0.0,50.0
Rich Flex,30000.0,152.02702702702703,0.050294183,-67.818794,24.776114,0.8984376180594956,0.00031799206,1.2045784,22.969053464510704,0.3987923,0.0,50.0
IDGAF,30000.0,170.45454545454547,0.28935063,-58.044804,18.29965,0.838422298573894,0.00034891223,1.1512384,22.053525533730145,0.45995578,0.0,50.0
Here,30000.0,148.02631578947367,0.48022097,-63.98512,18.386305,0.8959377914002137,0.002518656,1.3883418,21.199153985163342,0.7515317,0.0,50.0
Wild Things,30000.0,122.28260869565217,0.0659242,-64.97574,21.841228,0.8768588320760773,0.00024860507,1.212948,22.453749420967704,0.4471134,0.0,50.0
Scars to Your Beautiful,30000.0,127.8409090909091,0.19650175,-65.414154,23.340914,0.901739931032642,2.4930312e-05,1.1732051,22.03042951052953,0.37046868,0.0,50.0
Stay,30000.0,119.68085106382979,0.06875923,-64.71976,27.177774,0.8294511556158978,0.009132655,1.4466038,21.520510120492922,0.4377264,0.0,50.0
How Far I'll Go,30000.0,114.79591836734694,0.068690255,-67.98998,28.725279,0.8990773749863029,0.00052978727,0.96096724,23.327633820877097,0.3403267,0.0,50.0
Growing Pains,30000.0,110.29411764705883,0.1488508,-62.7791,17.954369,0.8836168068583948,3.445103e-05,1.0897045,21.293505699163543,0.5107399,0.0,50.0
Out of Love,30000.0,114.79591836734694,0.035408758,-72.74436,25.645304,0.9369848545274417,0.0019244497,0.7804734,21.766643442943572,0.3886265,0.0,50.0
October,30000.0,100.44642857142857,0.17082047,-68.66549,23.128916,0.8946762872357038,0.004295276,1.334581,22.46672314704746,0.36239377,0.0,50.0
Rooting for You,30000.0,104.16666666666667,0.20179187,-68.33868,20.629465,0.8965812300069174,0.00022333996,1.0093006,24.202609866305895,0.42400077,0.0,50.0
Ready,30000.0,117.1875,0.18320185,-66.48744,27.845894,0.8713077211847172,0.058794092,1.1414032,22.34434127262112,0.33149981,0.0,50.0
Nintendo Game,30000.0,117.1875,0.106542125,-65.76144,23.059357,0.8938062105580158,0.045942914,1.2749331,19.955000906992467,0.48085374,0.0,50.0
A Little More,30000.0,117.1875,0.17000937,-66.036224,25.668423,0.9038299816340095,0.0014570575,1.4285024,21.00898465636627,0.59690326,0.0,50.0
Sweet Dream,30000.0,119.68085106382979,0.191662,-67.305,21.690203,0.895837513574096,0.0019088843,1.1595974,20.968323410608203,0.48220798,0.0,50.0
Best Days,30000.0,114.79591836734694,0.06328361,-74.77098,23.670683,0.9378672628121935,0.0022998669,0.8378071,21.41109469541952,0.40687132,0.0,50.0
Lie to Me,30000.0,130.8139534883721,0.20349208,-65.44806,23.246988,0.8928830186256483,0.0025724934,1.3654411,19.94832489114028,0.546294,0.0,50.0
You Let Me Down,30000.0,100.44642857142857,0.11781048,-75.344925,16.409567,0.9575982183408704,0.024892645,0.8652089,21.87033732018228,0.5077771,0.0,50.0
I Don't Want To,30000.0,130.8139534883721,0.26281974,-71.74283,22.177803,0.9316107370660063,2.2475782e-05,1.1941134,22.00315579783832,0.6887059,0.0,50.0
River of Tears,29753.469387755104,120.18531976744185,0.13811427,-71.58179,25.988932,0.9252251532213469,0.00048304859,0.8036473,23.232556570532992,0.29332945,0.0,50.0
Middle Ground,30000.0,108.17307692307692,0.11863634,-74.05533,24.407959,0.9503718844978574,0.0140582975,0.8110152,21.34713812077364,0.42987797,0.0,50.0
Okay Okay,30000.0,137.1951219512195,0.050997086,-69.548935,26.908695,0.9177883048703845,0.00010027828,0.8716986,22.198906164106848,0.41749185,0.0,50.0
Somebody Else,30000.0,117.45383522727273,0.13277575,-66.87741,18.211845,0.8921310058163809,8.769022e-05,1.0237381,23.227640045549713,0.39928305,0.0,50.0
Bad Day,30000.0,127.8409090909091,0.20701492,-66.19379,24.373838,0.8902811960202681,0.012667376,1.5000517,21.03873946654203,0.48679546,0.0,50.0
Lie to Me,30000.0,130.8139534883721,0.20349208,-65.44806,23.246988,0.8928830186256483,0.0025724934,1.3654411,19.94832489114028,0.546294,0.0,50.0
Jimmy Gets High,29753.469387755104,129.19921875,0.21481565,-60.098354,17.758263,0.8611572260573348,0.00076077867,1.2065609,23.220526307002633,0.41372672,0.0,50.0
Best of Me,30000.0,119.68085106382979,0.15565605,-71.94326,23.74397,0.9381629241121437,0.0019624333,0.9814855,21.574974359185184,0.46153417,0.0,50.0
Whole World Around,30000.0,133.92857142857142,0.08856493,-73.0854,22.92957,0.9596075041004436,0.00285864,0.8160129,23.19815308100219,0.34786755,0.0,50.0
Next Plane Home,29753.469387755104,129.19921875,0.017343123,-72.57388,17.652546,0.8997529132663784,0.017937072,0.98798174,20.052612194907535,0.5743461,0.0,50.0
Love You Lately,29753.469387755104,120.18531976744185,0.10316406,-70.9355,26.1628,0.9126401451056889,0.00033466567,0.9335417,24.105480006579214,0.40973234,0.0,50.0
Crazy All My Life,30000.0,119.68085106382979,0.22282453,-64.949,23.19912,0.8812837789723142,0.0016435859,1.3132128,21.888197132259986,0.45967954,0.0,50.0
Come Back Home,30000.0,86.53846153846153,0.21665663,-73.46819,23.143608,0.9555707367712685,0.0016615738,1.1224372,20.67966045697409,0.58201283,0.0,50.0
Cupid,30000.0,117.1875,0.12610652,-69.48306,26.567535,0.8951039307402284,0.0038852002,1.1023452,21.568786744551886,0.44100648,0.0,50.0
Boom,30000.0,119.68085106382979,0.28889078,-69.32169,20.841753,0.9257313181016292,4.099551e-06,1.3048469,20.2951142484816,0.61809117,0.0,50.0
Brand New Chick,30000.0,117.1875,0.23488103,-70.92444,27.697578,0.9298870972780242,0.0001598964,1.1989875,20.88976638208015,0.63147026,0.0,50.0
Rain,30000.0,165.44117647058823,0.08563606,-63.374485,24.231853,0.8722795162385375,0.002008979,1.2036768,22.47611539935648,0.4267382,0.0,50.0
Stand Behind the Music,30000.0,100.44642857142857,0.31537482,-59.72688,18.264555,0.8656125989216328,0.0028716233,1.1143845,20.671326815869946,0.4660359,0.0,50.0
You and I,30000.0,140.625,0.2929558,-62.76323,25.722002,0.8478583969495131,0.0011197042,1.6010993,20.743076074372656,0.50575405,0.0,50.0
Criminal,30000.0,87.890625,0.115642615,-73.43639,23.082214,0.9183810631026161,0.00016012174,1.1023138,21.32710336839023,0.42266148,0.0,50.0
Sunglasses at Night,29753.469387755104,129.19921875,0.06176496,-71.44987,16.800694,0.9148699701180556,0.0152407475,1.2278514,24.587294825261775,0.33784032,0.0,50.0
Never Surrender,30000.0,100.44642857142857,0.2719348,-58.470516,30.17426,0.8359112889033805,0.00059428,1.1524818,22.113741368542442,0.37949538,0.0,50.0
Everything in My Heart,30000.0,119.68085106382979,0.16192362,-64.897156,25.559353,0.9000726037517596,0.0016687806,1.0990076,22.00362058472088,0.41093445,0.0,50.0
It Ain't Enough,30000.0,135.99917763157896,0.28353027,-66.69902,21.358295,0.9127468806274908,4.1076106e-05,1.3393056,23.80367468649086,0.56270653,0.0,50.0
Boy in the Box,30000.0,119.68085106382979,0.30211863,-63.354874,22.805368,0.9100872110186483,0.001174733,1.137131,20.173096438923327,0.6796279,0.0,50.0
Eurasian Eyes,29753.469387755104,114.84375,0.17842256,-63.06419,18.235645,0.8630515112402248,0.0012812132,1.1861933,22.134433471836488,0.54910994,0.0,50.0
Can't Help Falling in Love,29753.469387755104,114.84375,0.04821884,-66.303986,22.101162,0.900170340278528,0.016067652,1.011348,21.4768777468277,0.45729315,0.0,50.0
In Your Soul,30000.0,140.625,0.2691541,-61.762127,24.818825,0.843909900466615,0.0007010539,1.3447912,21.53627881695923,0.57065016,0.0,50.0
She Got the Radio,30000.0,129.19921875,0.27215716,-64.25512,23.065159,0.8653502747691524,0.0073063294,1.3595114,23.147705983467382,0.48232067,0.0,50.0
Dancin' with My Mirror,30000.0,117.1875,0.092469,-65.62383,20.844847,0.8880072792701983,0.0012360592,1.2065924,21.13076067573507,0.23378104,0.0,50.0
At the Dance,30000.0,119.68085106382979,0.0030327095,-64.60003,27.360474,0.7631282643771854,0.026768608,1.1629406,19.31476790004584,0.43045425,0.0,50.0
Blind Faith,29753.469387755104,135.99917763157896,0.11941732,-57.756878,17.388666,0.8113877765492903,0.00035121583,1.1360781,22.136710584607666,0.4169417,0.0,50.0
Silent Talking,29753.469387755104,120.18531976744185,0.062233645,-67.89105,18.139711,0.9062275136052795,0.015677549,0.9778072,20.84366482173658,0.5047285,0.0,50.0
Break the Chain,29753.469387755104,123.046875,0.23073085,-60.46719,20.85555,0.8336772160798609,0.0054435707,1.2473623,21.948579436936708,0.43969,0.0,50.0
Talk to Me,30000.0,102.27272727272727,0.19494554,-69.47594,26.351189,0.8976445380103603,0.00010168855,1.5283045,23.20863667327795,0.38568816,0.0,50.0
I Wonder,30000.0,108.17307692307692,0.11289692,-69.86353,26.502504,0.9082728608406676,0.05542425,1.1156882,20.798797694615764,0.539835,0.0,50.0
Leonard Cohen,30000.0,133.92857142857142,0.08562973,-70.21197,19.814331,0.9163778622490355,0.0013519884,1.0832647,20.444887377950188,0.53906983,0.0,50.0
C'est la vie,30000.0,148.02631578947367,0.30601564,-61.22488,15.470755,0.9011031913855961,0.0061842683,1.0533627,20.977300298963417,0.4563371,0.0,50.0
Summer Is Gone,30000.0,98.6842105263158,0.16104834,-63.85624,25.048119,0.831873839722689,0.0043344093,1.2399869,23.92471438234863,0.3442046,0.0,50.0
Where the Sun Shines,30000.0,123.046875,0.21285704,-70.721245,26.901888,0.888043025515855,0.0011155173,2.4597328,21.50082632678496,0.5746618,0.0,50.0
The Only One,30000.0,135.99917763157896,0.10367346,-63.08147,17.99779,0.8698010893826882,0.004714961,1.1968709,23.975727419069898,0.32366163,0.0,50.0
Purple Rain,30000.0,144.23076923076923,0.16012296,-63.686935,22.40808,0.8553325947699477,0.0003532308,1.1962882,22.200981591071642,0.44044435,0.0,50.0
When Doves Cry,30000.0,125.0,0.26699802,-68.74315,23.035978,0.9028052163385762,0.00012988415,1.7061197,19.73770953843305,0.7581823,0.0,50.0
Little Red Corvette,29753.469387755104,123.046875,0.020203756,-67.79482,20.233145,0.8543368557129236,0.00041750455,1.1614285,20.74470217127322,0.51207495,0.0,50.0
1999,29753.469387755104,114.84375,0.1359407,-64.16354,18.916578,0.8646143736539139,0.013798053,1.1646539,22.22818347748082,0.5771642,0.0,50.0
Kiss,29753.469387755104,97.50884433962264,0.12919523,-69.769875,23.001537,0.9037776880575341,0.015803488,1.219641,22.193104762178205,0.5004922,0.0,50.0
Raspberry Beret,29753.469387755104,120.18531976744185,0.05858968,-63.315636,20.349337,0.852698831108925,0.00079687993,1.2359794,20.063847816118727,0.5253056,0.0,50.0
Let's Go Crazy,29753.469387755104,109.95678191489361,0.10024571,-65.463264,20.843365,0.8785563366522333,0.00028395522,1.0122534,22.592547966382234,0.3594404,0.0,50.0
Sign o' the Times,29753.469387755104,99.38401442307692,0.077209674,-69.66173,29.294697,0.8834590705864213,0.008148411,1.8594043,20.065137958591503,0.4372906,0.0,50.0
U Got the Look,30000.0,140.625,0.15015543,-72.71576,30.966694,0.9309068934688987,2.716041e-05,1.0464033,22.40469095364672,0.41514698,0.0,50.0
Cream,30000.0,125.0,0.2632641,-65.46123,21.726318,0.8780840894869855,0.0037883362,1.471395,22.73859802520679,0.45718256,0.0,50.0
Diamonds and Pearls,30000.0,139.6748310810811,0.35083994,-76.415245,16.051548,0.9854060334936016,0.0049246913,0.8756562,19.55061369180303,0.699348,0.0,50.0
Alphabet St.,30000.0,112.5,0.21952452,-64.75163,25.14724,0.8723983462757186,0.0005141404,1.3129314,22.188931536160627,0.4700431,0.0,50.0
7,30000.0,108.17307692307692,0.03232508,-76.53579,21.90919,0.9430235751816863,0.0022873904,0.8094877,20.79229715387395,0.33544463,0.0,50.0
Controversy,30000.0,85.22727272727273,0.13436693,-56.734325,23.93206,0.8189240151812849,0.03122872,1.5827856,19.003777003882536,0.61796683,0.0,50.0
I Wanna Be Your Lover,30000.0,110.29411764705883,0.29139355,-67.4938,16.801937,0.9199891322839563,0.00083549233,1.1953723,21.198437323971397,0.4633717,0.0,50.0
Delirious,30000.0,117.1875,0.11735402,-65.00139,11.013231,0.9290117278618713,4.3975462e-05,0.9840972,18.840430378362576,0.5220492,0.0,50.0
Pop Life,30000.0,107.666015625,0.054277603,-73.78943,19.443169,0.924281501738528,0.0010801414,0.978547,21.25779101632917,0.41695857,0.0,50.0
Gett Off,29753.469387755104,99.38401442307692,0.1781332,-60.80691,21.256859,0.8212111366639469,0.0036710282,1.2487209,21.609480278722465,0.47446057,0.0,50.0
Thieves in the Temple,29753.469387755104,129.19921875,0.03526004,-68.65198,24.152842,0.8800048852759892,0.008462994,1.0833082,23.21233767733182,0.36685017,0.0,50.0
The Most Beautiful Girl in the World,29753.469387755104,92.28515625,0.18684407,-62.275387,23.297377,0.8410700340173587,0.00021207449,1.0666468,22.2852954968551,0.42792335,0.0,50.0
If I Was Your Girlfriend,29753.469387755104,95.703125,0.08128424,-69.65261,23.78356,0.9104396432775353,0.011271798,1.2802429,19.90563882198737,0.39697653,0.0,50.0
Adore,30000.0,130.8139534883721,0.07731725,-72.79742,29.650587,0.9083793972466124,0.15377247,0.9698333,20.529012677978383,0.3838919,0.0,50.0
Sometimes It Snows in April,30000.0,135.99917763157896,0.1549289,-65.54853,25.739815,0.8345727568144905,0.00081079255,1.7114522,21.540854227199688,0.49826977,0.0,50.0
Nothing Compares 2 U,30000.0,119.68085106382979,0.043707404,-69.7424,16.081526,0.9211202988796818,0.0021656174,0.9046236,22.2822859394913,0.44152293,0.0,50.0
Glam Slam,30000.0,133.92857142857142,0.079361565,-71.554214,33.226707,0.9152367042454723,0.111917354,0.99904686,19.93957303766692,0.379049,0.0,50.0
Gold,30000.0,89.28571428571429,0.14403911,-73.46436,28.636108,0.9359362243235502,0.015810918,0.92505944,21.16214166504807,0.38660923,0.0,50.0
Musicology,30000.0,92.28515625,0.21249203,-65.60045,21.124416,0.8910169162219876,0.0023020857,1.0883712,21.98770318343704,0.36982474,0.0,50.0
Black Sweat,30000.0,147.65625,0.1910096,-65.270966,20.020052,0.8566916517187209,0.007893063,1.2068936,24.36100451923783,0.3193947,0.0,50.0
Call My Name,29753.469387755104,172.265625,0.28850254,-56.72857,20.91761,0.8121483344907419,0.0009271644,1.0865171,20.347903587246744,0.5008312,0.0,50.0
Fury,30000.0,120.18531976744185,0.36703953,-56.245457,20.147095,0.8382300136241847,0.010624913,1.1980366,19.69772658037536,0.5396377,0.0,50.0
Chelsea Rodgers,30000.0,122.28260869565217,0.2323281,-66.23897,23.233294,0.8586398682051102,0.00033811748,1.5527086,20.74828175463645,0.5892189,0.0,50.0
Breakfast Can Wait,30000.0,92.21311475409836,0.21642458,-72.81717,28.930254,0.9343859683240111,0.00068108743,1.2960987,19.831546266811298,0.5757768,0.0,50.0
FUNKNROLL,30000.0,98.6842105263158,0.044302054,-64.89665,18.78695,0.8947195614741625,0.00042692907,1.0811975,20.5207013966007,0.40081346,0.0,50.0
Baltimore,30000.0,130.8139534883721,0.100124195,-71.76484,20.787992,0.9318741165181171,0.0005209311,1.21031,19.958939569924578,0.56471336,0.0,50.0
Mary Don't You Weep,29753.469387755104,107.666015625,0.0515375,-73.41835,23.22128,0.9337411233101952,0.0014670086,1.0677036,20.806205684737808,0.4323342,0.0,50.0
Starfish and Coffee,29753.469387755104,101.33272058823529,0.058701687,-65.038246,22.656212,0.883448482378907,0.00041855447,0.9414163,22.65139153865131,0.42608857,0.0,50.0
Condition of the Heart,29753.469387755104,126.04801829268293,0.10534335,-65.54172,26.419167,0.8638471329793408,0.012355538,1.1821738,20.592073132701476,0.4981899,0.0,50.0
How Come U Don't Call Me Anymore?,29753.469387755104,123.046875,0.077497035,-73.857704,22.906162,0.9126793494439402,0.00026461724,0.812464,22.96354654906142,0.3875991,0.0,50.0
I Could Never Take the Place of Your Man,29753.469387755104,147.65625,0.05907595,-57.99275,13.413546,0.8089839432741396,0.0006010611,1.1004003,21.038831586767117,0.45000333,0.0,50.0
Scandalous!,30000.0,119.68085106382979,0.14406222,-74.6372,22.125174,0.9357296699744387,0.0037410175,0.9720563,21.242851199804697,0.48080075,0.0,50.0
The Future,29753.469387755104,147.65625,0.22245528,-65.33375,25.81946,0.8809637943455245,0.00019912358,1.2460456,20.588811704334162,0.52272505,0.0,50.0
Around the World in a Day,29753.469387755104,129.19921875,0.033203904,-73.1527,31.072939,0.8904669594582031,0.003959355,0.9129899,23.567186903894,0.24506404,0.0,50.0
Mountains,30000.0,119.68085106382979,0.1954986,-71.52202,22.99367,0.946348723130628,2.9378341e-05,1.1387352,21.515107393186423,0.36684006,0.0,50.0
When You Were Mine,29753.469387755104,143.5546875,0.0798704,-65.12679,20.291039,0.8678896514804509,0.011030079,1.2766141,21.286695988361792,0.55675644,0.0,50.0
Head,30000.0,110.29411764705883,0.13762097,-70.74622,18.463064,0.935686020658451,0.0015455404,0.94100606,21.143729288498413,0.56512564,0.0,50.0
Dirty Mind,30000.0,133.92857142857142,0.1508354,-67.4694,29.040316,0.9007549937430962,0.0001080012,1.2489674,23.083022614077972,0.38352242,0.0,50.0
Ring of Fire,29753.469387755104,103.359375,0.09742323,-65.44548,15.52507,0.9047946849553732,0.0016573186,1.1178156,22.65121253127584,0.46201804,0.0,50.0
I Walk the Line,30000.0,106.13207547169812,0.099632636,-70.82424,21.382048,0.9335194245647419,0.010841026,1.1496922,21.489715007817463,0.45354396,0.0,50.0
Folsom Prison Blues,30000.0,101.33272058823529,0.10166955,-67.69224,21.905073,0.904395785733611,0.016994458,1.1732129,22.69291149013255,0.45007968,0.0,50.0
Hurt,29753.469387755104,123.046875,0.04181611,-63.294388,15.050791,0.8090758261228881,0.00032013934,0.9576501,23.500804064660226,0.281776,0.0,50.0
Jackson,29753.469387755104,109.95678191489361,0.23348303,-65.74855,27.364311,0.8625852282493077,0.015478539,1.2190329,21.091347227141366,0.56988484,0.0,50.0
A Boy Named Sue,30000.0,102.27272727272727,0.13521457,-69.29981,19.980068,0.9309026238744447,0.00043600635,1.1554611,21.46948208827292,0.44124058,0.0,50.0
Sunday Morning Coming Down,29753.469387755104,172.265625,0.09965406,-63.780533,18.872063,0.8702812228235504,0.0005366246,1.1013578,21.965579750410274,0.5284481,0.0,50.0
Get Rhythm,30000.0,129.19921875,0.18485995,-64.0897,22.178223,0.8504783714015797,0.0030477399,1.220818,21.861758764285117,0.53733414,0.0,50.0
Big River,30000.0,125.0,0.21851714,-65.520676,23.886667,0.901897215500827,0.021638686,1.2016207,20.31322346637426,0.43139604,0.0,50.0
Man in Black,30000.0,90.7258064516129,0.25805318,-63.043747,16.667479,0.8283610004338493,4.887853e-05,1.562391,20.418384018935345,0.7591069,0.0,50.0
Ghost Riders in the Sky,29753.469387755104,107.666015625,0.09463114,-61.57545,16.545769,0.8816115070410576,0.0080810245,1.1489949,22.094826672343995,0.47780934,0.0,50.0
Rusty Cage,29753.469387755104,101.33272058823529,0.11772005,-68.17508,22.008646,0.894043586107119,0.0011635514,0.8782509,23.24522260373653,0.41341585,0.0,50.0
Personal Jesus,30000.0,125.0,0.2184505,-63.415108,20.316578,0.8322429883797747,0.00026486634,2.0026207,20.136578532753035,0.6957642,0.0,50.0
The Man Comes Around,29753.469387755104,95.703125,0.085541315,-68.771675,27.319323,0.8944081577179503,0.011025121,1.345392,21.022072758680903,0.45632187,0.0,50.0
Don't Take Your Guns to Town,29753.469387755104,105.46875,0.06673806,-67.68608,20.402245,0.9124075960503377,0.0045226114,1.0973101,21.088292289073557,0.5285475,0.0,50.0
Orange Blossom Special,29753.469387755104,132.51201923076923,0.07195496,-63.439926,15.900626,0.8905674841223732,8.5683656e-05,1.1787469,21.942474444111127,0.4522609,0.0,50.0
Guess Things Happen That Way,30000.0,152.02702702702703,0.11471879,-69.695114,16.424633,0.9398878922646765,0.0037566444,1.0225093,21.784306668616857,0.40084025,0.0,50.0
Ballad of a Teenage Queen,30000.0,98.6842105263158,0.11738688,-68.66235,17.58766,0.9294751756817619,0.004339554,1.0423391,21.72071569937003,0.43403396,0.0,50.0
Home of the Blues,29753.469387755104,101.33272058823529,0.02198359,-70.84391,17.07388,0.9141128933502984,0.0009456263,0.88302594,23.746146655736023,0.46856552,0.0,50.0
There You Go,29753.469387755104,107.666015625,0.12494755,-64.430626,25.10487,0.7988571216482868,0.0005425853,1.1960646,24.034034495380432,0.43429816,0.0,50.0
I Still Miss Someone,30000.0,90.66611842105263,0.116162315,-68.3737,18.688139,0.9182921565687551,0.00985218,1.0512882,22.2355194063561,0.39309484,0.0,50.0
Give My Love to Rose,30000.0,82.72058823529412,0.07054763,-71.29991,21.423532,0.941811510498084,0.0036577194,1.1616702,21.001577321349327,0.42205107,0.0,50.0
Five Feet High and Rising,29753.469387755104,83.35433467741936,0.11612504,-66.56808,18.70642,0.9171950770238957,0.0060196077,1.2083652,20.88792103598001,0.4556593,0.0,50.0
Tennessee Flat Top Box,30000.0,96.98275862068965,0.17136693,-65.755104,19.317646,0.9153183572599962,0.023504475,1.1633538,20.79937588692625,0.4368094,0.0,50.0
Delia's Gone,30000.0,130.8139534883721,0.09017762,-73.63393,24.88815,0.9345222948871695,0.0011098294,0.7963907,21.278325666720942,0.41924515,0.0,50.0
Highwayman,30000.0,122.28260869565217,0.05937277,-75.78099,15.477005,0.9483929462819092,4.010464e-05,0.8728928,21.79754490824326,0.35672015,0.0,50.0
One Piece at a Time,29753.469387755104,97.50884433962264,0.060619157,-65.75,22.328508,0.898609475972865,0.008597597,1.3853831,21.20284616720307,0.4114503,0.0,50.0
Daddy Sang Bass,30000.0,97.50884433962264,0.14602797,-66.79214,24.030575,0.8964880536405895,0.057861924,1.16679,23.00045814127415,0.3037813,0.0,50.0
Peace in the Valley,30000.0,122.28260869565217,0.12443584,-66.04514,21.743696,0.898780928002809,0.0065462966,0.9525155,23.095626183107196,0.4626588,0.0,50.0
Superstition,30000.0,86.53846153846153,0.32527784,-75.038574,24.900156,0.96556374221852,0.00055479124,1.3103195,19.056313873980702,0.7548608,0.0,50.0
Isn't She Lovely,29753.469387755104,117.45383522727273,0.110195965,-62.024704,18.034565,0.8104788329857113,0.00052255613,1.2498472,21.863052881324524,0.5120798,0.0,50.0
Sir Duke,30000.0,104.16666666666667,0.075157344,-65.10468,24.479683,0.7902318458877582,0.0010428402,1.4332136,22.333806324781374,0.4699396,0.0,50.0
You Are the Sunshine of My Life,30000.0,114.79591836734694,0.032542225,-74.71043,21.76514,0.9263104454111605,0.0013521474,0.7930965,23.916660846808966,0.3233045,0.0,50.0
Living for the City,30000.0,140.625,0.11089322,-77.26252,16.532701,0.9744787016665611,0.0013771588,0.73299116,20.83465072061583,0.5636381,0.0,50.0
I Wish,30000.0,147.65625,0.14108466,-64.36326,22.995827,0.8658602782333211,0.0014689309,1.1367732,23.01985619002237,0.3595622,0.0,50.0
Part-Time Lover,29753.469387755104,87.5926906779661,0.06756285,-58.94866,19.233273,0.8025962757358363,0.012781796,1.2876964,21.292921188770446,0.4739317,0.0,50.0
For Once in My Life,29753.469387755104,107.666015625,0.051108953,-65.37885,21.86693,0.8742038918476626,0.0012385704,1.1383698,21.356640315078685,0.47357216,0.0,50.0
My Cherie Amour,29753.469387755104,99.38401442307692,0.11304732,-66.75628,19.77708,0.9128988223365049,0.0011164593,0.9304788,22.747611981896057,0.3243548,0.0,50.0
Uptight (Everything's Alright),30000.0,130.8139534883721,0.17996323,-60.27491,17.38101,0.8787832207772465,0.013643774,1.1173648,20.242970898346687,0.49646482,0.0,50.0
Higher Ground,29753.469387755104,101.33272058823529,0.06614666,-66.11058,20.007652,0.8468731212274454,0.011887904,1.0942385,23.823015718992362,0.37764183,0.0,50.0
Master Blaster (Jammin'),30000.0,170.45454545454547,0.17424633,-60.647194,23.309065,0.8851053116556783,0.0001923278,1.2231898,21.566603529569058,0.34872806,0.0,50.0
That Girl,30000.0,102.27272727272727,0.23913214,-60.127647,21.072666,0.8436478288122695,0.02829445,1.3780215,21.15539102055165,0.42536205,0.0,50.0
Do I Do,30000.0,104.16666666666667,0.18672672,-69.54171,22.985262,0.9343997345637353,1.8079618e-05,1.2456084,20.28392898447173,0.51774424,0.0,50.0
Ribbon in the Sky,30000.0,110.29411764705883,0.15579668,-70.5746,21.4534,0.918956517886987,0.00042670497,1.0676832,22.623299631295808,0.4317404,0.0,50.0
I Just Called to Say I Love You,30000.0,112.5,0.12670115,-65.78359,21.394009,0.89758893530522,0.0006929195,1.132647,22.16304386585259,0.43979156,0.0,50.0
Overjoyed,29753.469387755104,126.04801829268293,0.09024424,-65.19435,22.782722,0.8667414003016971,0.0007685427,0.9399534,23.74078372851127,0.39449754,0.0,50.0
Skeletons,29753.469387755104,109.95678191489361,0.21219778,-67.86517,15.970945,0.9216463023311625,2.0832376e-05,1.1438963,19.41858671917324,0.6614684,0.0,50.0
Free,30000.0,147.65625,0.0818688,-64.42183,26.798494,0.8712998657428529,0.010067717,1.255012,24.432128353196028,0.32018623,0.0,50.0
Another Star,29753.469387755104,143.5546875,0.045103513,-70.21822,17.171663,0.9251695661988308,0.00021229946,0.89006984,20.190041977802593,0.5219596,0.0,50.0
As,30000.0,104.16666666666667,0.1001815,-72.71608,25.640001,0.910125510019643,0.0018010213,1.0382335,22.999107399056875,0.29676154,0.0,50.0
Golden Lady,30000.0,127.8409090909091,0.17060019,-69.49307,24.686476,0.9211827155082418,3.4247143e-05,0.9068081,22.8674366481768,0.4367472,0.0,50.0
Tuesday Heartbreak,30000.0,133.92857142857142,0.06966773,-70.84414,23.998623,0.9243318334942008,0.0038505308,0.8939198,22.064464389771892,0.45622435,0.0,50.0
Boogie On Reggae Woman,29753.469387755104,107.666015625,0.13262367,-67.19683,22.561832,0.887286680374683,0.00012273846,1.813006,19.619838832471405,0.55501664,0.0,50.0
Creepin',30000.0,100.44642857142857,0.1181467,-64.94046,20.653893,0.8396147797947141,0.00010655118,1.1967589,22.229775419598685,0.4499572,0.0,50.0
If You Really Love Me,30000.0,122.28260869565217,0.15715526,-60.376007,17.171877,0.8819570686646354,0.00022836194,1.1578971,21.50628632360622,0.4287802,0.0,50.0
Heaven Help Us All,29753.469387755104,166.70866935483872,0.0875089,-71.02809,21.508257,0.9215132828281088,0.06560127,0.9862891,21.336477286947463,0.46362633,0.0,50.0
Born to Run,30000.0,107.666015625,0.21629782,-58.00287,16.64725,0.8571595244854682,0.0050824126,1.0336721,20.794424365239866,0.5587992,0.0,50.0
Thunder Road,30000.0,104.16666666666667,0.22076115,-64.75384,21.905699,0.8998717285635658,0.0015445258,1.3563647,22.577392082492494,0.4649536,0.0,50.0
Badlands,30000.0,160.71428571428572,0.12110439,-72.2114,30.894749,0.9359610201652183,0.06873507,1.2216375,22.190341503296068,0.3242399,0.0,50.0
The River,30000.0,125.0,0.23380561,-61.786007,20.817684,0.8741157477110191,0.0008607739,1.1198889,23.211261683044317,0.4044655,0.0,50.0
Dancing in the Dark,30000.0,93.75,0.17408605,-67.95745,24.16911,0.899813517494362,0.016168965,1.1479832,22.875748155275172,0.35492092,0.0,50.0
Atlantic City,30000.0,140.625,0.11089322,-77.26252,16.532701,0.9744787016665611,0.0013771588,0.73299116,20.83465072061583,0.5636381,0.0,50.0
Glory Days,30000.0,127.8409090909091,0.13170013,-65.44417,28.986013,0.8588078479940159,0.005336778,1.3538746,22.25779006758067,0.39466524,0.0,50.0
Streets of Philadelphia,29753.469387755104,93.96306818181819,0.111804,-69.37565,25.438145,0.88033625715535,0.00087483245,1.4747922,20.240593873787205,0.5760852,0.0,50.0
The Rising,30000.0,144.23076923076923,0.35399374,-66.2527,21.934788,0.9016131597801589,0.00010748868,1.583966,19.88417405930435,0.6672663,0.0,50.0
Jungleland,29753.469387755104,139.6748310810811,0.18451127,-59.3297,16.251717,0.8383887660484797,0.00039847483,1.240784,20.713387637193712,0.49553022,0.0,50.0
Rosalita (Come Out Tonight),29753.469387755104,147.65625,0.16503377,-60.551968,14.406686,0.8874795527162924,7.0658396e-05,0.970762,21.559590340640366,0.47017446,0.0,50.0
Racing in the Street,30000.0,102.27272727272727,0.21824722,-68.41873,23.878777,0.8924163226918923,0.00430639,1.4090166,22.129149245637276,0.4972932,0.0,50.0
Backstreets,30000.0,130.8139534883721,0.0996404,-67.32867,29.041647,0.8392927638514092,0.0043183253,1.2590063,19.718455070961316,0.5386307,0.0,50.0
Darkness on the Edge of Town,29753.469387755104,166.70866935483872,0.079208106,-68.31271,21.729006,0.873888198006898,0.00085885794,0.9714771,22.563204480111107,0.5314255,0.0,50.0
Prove It All Night,29753.469387755104,112.34714673913044,0.18449669,-62.232307,16.541273,0.8732953780611306,0.00010379517,0.99054074,22.186355169404386,0.450321,0.0,50.0
Hungry Heart,29753.469387755104,109.95678191489361,0.1222405,-62.054546,16.095573,0.8615616499541932,0.0007371137,1.0460551,21.322404918637677,0.5049379,0.0,50.0
My City of Ruins,30000.0,114.79591836734694,0.06474628,-67.08857,19.568504,0.9079797370006636,0.0003868215,1.1319284,20.75045954290825,0.4830997,0.0,50.0
Land of Hope and Dreams,30000.0,114.79591836734694,0.033590093,-71.74064,20.534447,0.9079403017008882,0.0007427092,0.98802954,22.100205141832937,0.45285273,0.0,50.0
The Ghost of Tom Joad,29753.469387755104,129.19921875,0.08502187,-68.85642,26.19696,0.9032581439439855,0.00019100042,1.1761844,18.590266062237696,0.49766254,0.0,50.0
American Skin (41 Shots),29753.469387755104,103.359375,0.12049536,-60.96607,15.716821,0.8825683010904821,0.0010805872,1.0689892,20.08849107585125,0.6266801,0.0,50.0
Nebraska,30000.0,125.0,0.088455856,-72.55529,24.61187,0.9081426047332869,0.0011316239,0.94512624,21.100357213526078,0.54964834,0.0,50.0
State Trooper,30000.0,122.28260869565217,0.17792673,-76.25931,20.70772,0.9624880581617473,7.4899963e-06,1.3755949,21.71675661620304,0.4888581,0.0,50.0
Youngstown,6614.708333333334,125.0,0.03356632,-74.26931,28.456566,0.9411293079434045,0.00234556,1.1046212,19.203804261968063,0.49663,0.0,50.0
Meeting Across the River,29753.469387755104,126.04801829268293,0.040219657,-74.92444,17.32272,0.9252551335080034,0.00076142856,0.73204345,23.600736508317272,0.30971968,0.0,50.0
Independence Day,30000.0,127.8409090909091,0.26800764,-59.394993,19.523647,0.8462245093653841,0.000111711626,1.3660537,22.511703151254636,0.36620128,0.0,50.0
Point Blank,30000.0,144.23076923076923,0.35115728,-64.96283,27.548908,0.892039853404482,0.00014933,1.2399243,20.882810037133893,0.49117887,0.0,50.0
Factory,30000.0,133.92857142857142,0.12868145,-74.08048,25.486565,0.9470742861486292,0.0017893609,0.8318438,21.87724597818722,0.3533167,0.0,50.0
No Surrender,30000.0,109.95678191489361,0.1948473,-67.9387,24.250816,0.9092283087542161,0.0045888643,1.2917746,21.03731628034613,0.6144647,0.0,50.0
Bobby Jean,30000.0,122.28260869565217,0.21175513,-67.14393,24.704538,0.8899814960506786,0.016872432,1.1513361,21.794185605279953,0.46020907,0.0,50.0
My Hometown,30000.0,125.0,0.17804725,-67.38951,19.871746,0.9243402569082065,0.0003558799,1.0056802,21.815436413295497,0.38879722,0.0,50.0
Brilliant Disguise,30000.0,126.04801829268293,0.07732925,-61.650707,20.919168,0.847789770952434,0.002889942,1.258399,21.033448653907808,0.5283578,0.0,50.0
Tunnel of Love,30000.0,144.23076923076923,0.16042407,-72.0082,18.554081,0.9349115312083017,0.00049356185,0.9248115,24.328894826385223,0.319628,0.0,50.0
Human Touch,30000.0,137.1951219512195,0.32535446,-65.7169,23.142008,0.8873894128968148,0.00070253765,1.196381,20.96866581119503,0.6283022,0.0,50.0
Better Days,29753.469387755104,114.84375,0.17993334,-66.1618,19.009031,0.9126800830601052,7.6563025e-05,1.0792022,23.932418807167846,0.50456256,0.0,50.0
The Wrestler,30000.0,127.8409090909091,0.048373725,-72.51207,29.90987,0.8891030534963029,0.10381932,0.68325776,20.59668517144376,0.38149855,0.0,50.0
Radio Nowhere,29753.469387755104,147.65625,0.21305004,-60.591995,15.743659,0.8561808321168103,0.005056781,1.0483879,22.27120458811033,0.4966501,0.0,50.0
We Take Care of Our Own,30000.0,123.046875,0.19681273,-62.133736,18.83218,0.8673416774532297,0.002773916,1.0797923,20.09368595217286,0.51774186,0.0,50.0
Wrecking Ball,30000.0,133.92857142857142,0.08989346,-66.55476,22.380573,0.8841074701103413,0.007853989,1.1038276,23.908997941987586,0.30622795,0.0,50.0
Letter to You,30000.0,108.17307692307692,0.2893242,-71.64873,21.879015,0.958837000195361,0.0010714831,0.90114015,21.793548983817566,0.4646656,0.0,50.0
Last Man Standing,30000.0,119.68085106382979,0.17125916,-61.627857,18.4018,0.8855065206821531,0.0014637341,1.0452086,21.3511286522708,0.4101241,0.0,50.0
Ghosts,30000.0,165.44117647058823,0.06763064,-62.52756,20.060118,0.8917496985772185,0.00981571,1.1704284,22.05616598563991,0.3864155,0.0,50.0
Kitty's Back,30000.0,152.02702702702703,0.17402609,-62.552193,22.234682,0.8705901005987318,0.0012901801,1.4312527,20.939254834601076,0.46570218,0.0,50.0
Lost in the Flood,29753.469387755104,123.046875,0.07069732,-75.23552,22.92828,0.9349525519045138,0.0086140735,0.6750116,23.501618344575427,0.3605059,0.0,50.0
Spirit in the Night,30000.0,144.23076923076923,0.096756905,-65.241615,24.44515,0.9037285150582838,7.0399015e-05,1.3448068,21.82531448806873,0.42459193,0.0,50.0
Growin' Up,29753.469387755104,143.5546875,0.11955897,-67.86774,25.062595,0.9219319204487736,0.034007456,0.87730855,24.30102649035192,0.34861115,0.0,50.0
Does This Bus Stop at 82nd Street?,29753.469387755104,129.19921875,0.1512477,-64.37876,18.326342,0.8835194225581464,0.0008879453,1.0865393,22.42842399095354,0.4584113,0.0,50.0
Incident on 57th Street,29753.469387755104,105.46875,0.09077742,-70.20717,20.676998,0.9260339086103753,0.0006716135,0.8520407,22.889397013342034,0.3867621,0.0,50.0
New York City Serenade,30000.0,112.5,0.1425686,-69.030396,33.59372,0.9140658296871664,0.0010897255,1.5833515,22.506526851820638,0.40622026,0.0,50.0
Runnin' Down a Dream,30000.0,170.45454545454547,0.09973318,-60.043125,21.076412,0.8521160497018865,0.011267261,1.1019101,20.473129269882484,0.5446156,0.0,50.0
I Won't Back Down,29753.469387755104,114.84375,0.06348959,-63.813225,20.841795,0.8837509945135359,0.013053466,1.2871838,21.54537083451581,0.48401374,0.0,50.0
Free Fallin',30000.0,95.33898305084746,0.12281527,-71.7166,19.81913,0.9162112356891521,8.027916e-05,1.0400879,22.13122249504719,0.39158818,0.0,50.0
You Don't Know How It Feels,29753.469387755104,143.5546875,0.11058612,-61.033653,28.273102,0.8327773825153657,0.0015219861,1.1279446,21.734842082747956,0.49924573,0.0,50.0
Wildflowers,30000.0,112.5,0.054820463,-73.75656,22.504435,0.9030439733924606,0.09426837,0.9693563,20.54701131540173,0.33228976,0.0,50.0
It's Good to Be King,30000.0,144.23076923076923,0.1769753,-62.440746,20.012716,0.8768993777494586,0.004889295,1.1619349,21.527478466452575,0.517137,0.0,50.0
Square One,30000.0,137.1951219512195,0.042017914,-73.28253,27.444323,0.9261463859340473,0.020363646,0.9599558,21.04956207637607,0.44510305,0.0,50.0
Saving Grace,29753.469387755104,151.99908088235293,0.13243061,-65.01652,17.201286,0.8979295829621406,0.0002054602,0.9378067,24.681732235051957,0.36479157,0.0,50.0
Yer So Bad,29753.469387755104,90.66611842105263,0.05509729,-59.9335,22.342335,0.840842475943017,0.013226088,1.0067674,22.311356532757983,0.4041505,0.0,50.0
Alright for Now,30000.0,102.27272727272727,0.4530561,-55.962624,16.672762,0.8052009959424116,0.0008923963,1.2592906,19.972377905043842,0.46762368,0.0,50.0
Crawling Back to You,30000.0,119.68085106382979,0.13138615,-64.10718,14.464834,0.918043695554639,0.0053960616,0.99256086,20.34449465916651,0.46916965,0.0,50.0
Time to Move On,30000.0,127.8409090909091,0.35951713,-73.23645,26.08192,0.9440584649028454,0.00026259056,1.5901029,20.417392815796386,0.7365398,0.0,50.0
Cabin Down Below,30000.0,120.18531976744185,0.15933225,-59.75891,25.964354,0.8550743212849636,0.0052419784,1.0338312,20.667900909462247,0.5711722,0.0,50.0
Hung Up and Overdue,30000.0,78.30255681818181,0.11042402,-62.024532,21.124601,0.8794988310837647,0.0012788482,0.91604924,24.17566698528364,0.3831246,0.0,50.0
Strangers in the Night,30000.0,95.33898305084746,0.13525595,-70.89102,20.564085,0.9164537055261631,0.0038495418,1.0467967,22.066169662246146,0.43224093,0.0,50.0
My Way,30000.0,133.92857142857142,0.13391969,-73.99794,20.490183,0.9493031300486875,0.0010125341,0.9412464,21.48395380273947,0.45591027,0.0,50.0
Fly Me to the Moon,30000.0,117.1875,0.106542125,-65.76144,23.059357,0.8938062105580158,0.045942914,1.2749331,19.955000906992467,0.48085374,0.0,50.0
Come Fly with Me,29753.469387755104,132.51201923076923,0.11281626,-65.34962,24.245872,0.8861122829615571,0.06994751,0.9729464,21.747897318246153,0.39864883,0.0,50.0
That's Life,30000.0,119.68085106382979,0.23801638,-68.91612,24.568172,0.9034600770614313,0.004089865,1.3408235,21.738130986387084,0.4679018,0.0,50.0
The Way You Look Tonight,29753.469387755104,109.95678191489361,0.112396955,-64.95866,16.682537,0.8818972944486103,0.0006268376,1.1021975,21.603246931540273,0.5363322,0.0,50.0
I've Got You Under My Skin,30000.0,127.8409090909091,0.104923524,-69.88736,16.612312,0.9280121083192253,0.00015304689,0.97843003,21.469641142148998,0.45008352,0.0,50.0
It Was a Very Good Year,29753.469387755104,123.046875,0.09761387,-70.18679,19.86859,0.9346536762518001,0.0014152859,0.8175674,23.317603369909104,0.32414833,0.0,50.0
Summer Wind,29753.469387755104,126.04801829268293,0.1522063,-63.268097,18.731178,0.8893970533086276,0.007238337,1.1045489,21.631617463702277,0.44138992,0.0,50.0
Luck Be a Lady,29753.469387755104,120.18531976744185,0.11955278,-66.95857,18.941685,0.9124491952539314,0.0014465295,0.99623454,23.53860997928003,0.35903758,0.0,50.0
You Make Me Feel So Young,29753.469387755104,129.19921875,0.1593413,-62.16283,23.110273,0.8820499167646222,0.01817347,1.1065753,21.29065485550659,0.39775535,0.0,50.0
Night and Day,30000.0,100.44642857142857,0.11055081,-70.54818,23.742296,0.8971442599709936,0.00029277557,1.1619823,22.14495208718659,0.35714605,0.0,50.0
All the Way,30000.0,148.02631578947367,0.17752923,-68.09598,22.96956,0.9076759150407534,0.0012022612,0.9069761,24.667846375937465,0.32291937,0.0,50.0
Moonlight in Vermont,30000.0,95.703125,0.05605631,-69.425125,24.562035,0.8760219447311485,0.00069155166,1.1007766,19.382941262793235,0.53946024,0.0,50.0
One for My Baby (and One More for the Road),29753.469387755104,112.34714673913044,0.017086888,-75.08291,17.732164,0.9517351676414928,0.013425709,0.7824513,21.13264466954334,0.30071482,0.0,50.0
I Get a Kick Out of You,29753.469387755104,109.95678191489361,0.1697945,-68.186104,18.613192,0.9163315475253497,0.00016896443,0.99837095,21.213567305083313,0.47697952,0.0,50.0
Young at Heart,29753.469387755104,117.45383522727273,0.15189388,-67.32969,19.235838,0.9113148310047925,0.0018024009,0.9105264,23.69133195189947,0.39261505,0.0,50.0
In the Wee Small Hours of the Morning,30000.0,96.98275862068965,0.076819,-73.65304,19.682396,0.9535436517842206,3.7131555e-05,0.856413,22.30022089372201,0.37448585,0.0,50.0
My Funny Valentine,30000.0,133.92857142857142,0.10750812,-73.861755,17.833076,0.9579282076442558,3.0829558e-06,0.86750966,23.045655176114483,0.3780674,0.0,50.0
Someone to Watch Over Me,30000.0,114.79591836734694,0.123839445,-72.613335,20.132353,0.9250938184571836,0.005092024,0.9369876,23.17658972501836,0.3151198,0.0,50.0
Autumn in New York,30000.0,106.13207547169812,0.26728508,-70.15588,24.876163,0.908796920790144,0.0014348418,1.2115479,21.64094585626536,0.52018267,0.0,50.0
They Can't Take That Away from Me,30000.0,101.33272058823529,0.11083623,-69.64078,24.755217,0.9343143662891649,4.816462e-05,0.9758041,22.094218547191552,0.3909806,0.0,50.0
The Lady Is a Tramp,30000.0,130.8139534883721,0.07704276,-69.57646,21.2287,0.9121096097110095,0.009616697,1.0741658,21.940575390580968,0.42084554,0.0,50.0
Witchcraft,30000.0,110.29411764705883,0.1610215,-62.04959,19.618355,0.8867434884500729,0.024680799,0.99659115,22.285100205255397,0.3564143,0.0,50.0
Love and Marriage,29753.469387755104,109.95678191489361,0.11006551,-66.97735,21.869362,0.8948335245785842,0.0010013666,1.0334128,22.64708272529868,0.35993963,0.0,50.0
I'll Be Seeing You,30000.0,133.92857142857142,0.09877672,-66.11679,22.30233,0.9048728287196678,0.006117695,1.0028136,22.58553932727827,0.3776967,0.0,50.0
All of Me,30000.0,106.13207547169812,0.057721753,-75.90995,23.59399,0.9444803925535535,0.0033558842,0.7503002,22.3786003602248,0.32558295,0.0,50.0
I'm a Fool to Want You,30000.0,122.28260869565217,0.09429999,-73.571,17.620155,0.9505867146082035,1.4739295e-05,0.7453364,24.709753149228238,0.34110764,0.0,50.0
What Is This Thing Called Love?,30000.0,114.84375,0.042688914,-76.390305,18.856352,0.9606224114447065,0.0007414661,0.53230166,23.63067770085802,0.31977376,0.0,50.0
You Go to My Head,30000.0,117.1875,0.092718914,-74.73665,17.148024,0.9585052120341612,1.0238576e-05,0.8135106,21.975761960014264,0.31253785,0.0,50.0
Ol' Man River,30000.0,92.21311475409836,0.17754012,-69.41112,17.126675,0.9314110438539659,0.0053569553,1.0560118,20.327683876499563,0.39815578,0.0,50.0
September in the Rain,30000.0,148.02631578947367,0.16105728,-70.305565,26.066463,0.8947343649827112,0.00035898294,1.1465222,22.034758243989547,0.45330054,0.0,50.0
Where Are You?,30000.0,130.8139534883721,0.07584463,-73.17423,25.94638,0.9266459160489442,4.3056978e-05,1.1093763,20.702206407123086,0.45889816,0.0,50.0
It Never Entered My Mind,29753.469387755104,114.84375,0.046277575,-72.202896,15.701483,0.9194534354382582,0.00026660154,0.7934473,23.820130360016236,0.31625876,0.0,50.0
Angel Eyes,30000.0,110.29411764705883,0.23688866,-60.943928,19.084782,0.8837538182810208,0.0005260007,1.2435524,21.894568110802545,0.39197725,0.0,50.0
I've Got a Crush on You,30000.0,137.1951219512195,0.0598905,-57.386597,20.590559,0.7899858134252731,0.0013055495,1.3545456,22.151683263667316,0.32942536,0.0,50.0
Learnin' the Blues,29753.469387755104,126.04801829268293,0.09465556,-66.63746,19.498579,0.8815663520310005,0.00084330566,1.0162598,22.948725131198124,0.4195206,0.0,50.0
Nice 'n' Easy,29753.469387755104,117.45383522727273,0.16283922,-66.74816,21.945272,0.8999987884168217,7.273941e-05,1.0595611,22.944010743972836,0.5021947,0.0,50.0
The Best Is Yet to Come,30000.0,119.68085106382979,0.14525217,-69.009476,25.464428,0.9177935957662243,0.00032201005,0.94263744,22.519368838880972,0.3387238,0.0,50.0
Send in the Clowns,30000.0,112.5,0.17189744,-66.080376,22.795563,0.8906682367379433,0.0045686755,1.170152,20.222962489595155,0.5731762,0.0,50.0
Last Night,30000.0,127.8409090909091,0.25253037,-67.06981,23.932558,0.890730138949792,0.0003615552,1.3993878,22.11852680802758,0.37831178,0.0,50.0
Tell Me,29753.469387755104,101.33272058823529,0.1856598,-56.26777,15.786318,0.8072712331940348,0.0035678854,1.0242378,21.579548613059252,0.55653214,0.0,50.0
Coming Home,30000.0,144.23076923076923,0.14898787,-67.65238,22.561586,0.8808265365650652,4.9544058e-05,1.0964619,24.260574377859403,0.2974044,0.0,50.0
Hello Good Morning,29753.469387755104,105.46875,0.21329372,-64.69991,20.756123,0.885148506286409,0.0091420645,1.2727382,21.89087795476108,0.454236,0.0,50.0
Ass on the Floor,30000.0,129.19921875,0.10580388,-58.597225,17.856245,0.8535381886001303,0.0005184428,1.1377983,21.756698528609167,0.3938719,0.0,50.0
Yesterday,30000.0,137.1951219512195,0.06665386,-73.829216,24.660784,0.9051418630770537,0.00064468436,0.9453708,21.405156050431522,0.38151377,0.0,50.0
Gotta Move On,30000.0,102.27272727272727,0.2238149,-62.095776,19.979342,0.8585704630231346,0.00015167541,1.2849215,22.23488971953693,0.39304426,0.0,50.0
Respect,30000.0,112.5,0.08790945,-69.99159,26.41513,0.8915357405561943,0.002439833,1.026689,22.852608398040825,0.31266233,0.0,50.0
Chain of Fools,29753.469387755104,117.45383522727273,0.05475787,-64.60236,19.389395,0.9018514628688732,0.0066206125,1.0560836,21.012399830254424,0.4806786,0.0,50.0
I Say a Little Prayer,30000.0,122.28260869565217,0.322413,-68.3779,23.549643,0.8966282117885697,0.000106315936,1.7529551,21.447710840538328,0.66575676,0.0,50.0
(You Make Me Feel Like) A Natural Woman,29753.469387755104,112.34714673913044,0.024251899,-67.03684,18.721056,0.9016136041213262,0.005946158,1.0228132,21.417719803583733,0.41185993,0.0,50.0
Think,29753.469387755104,135.99917763157896,0.04734961,-71.16518,20.295109,0.9141205960549721,0.0152095,1.000047,22.633584208997014,0.4221043,0.0,50.0
Spanish Harlem,29753.469387755104,123.046875,0.111736044,-65.69169,21.554405,0.9051677133923102,0.023110403,1.1634429,22.43054810876485,0.35836983,0.0,50.0
Rock Steady,30000.0,119.68085106382979,0.18866342,-58.25491,24.245707,0.8079787999861618,0.0004718957,1.8510463,23.082768172296436,0.42821082,0.0,50.0
Until You Come Back to Me (That's What I'm Gonna Do),29753.469387755104,126.04801829268293,0.08897529,-70.50492,19.607115,0.8994043731531907,0.0011895595,0.9907655,23.89172080690344,0.31641686,0.0,50.0
Bridge over Troubled Water,29753.469387755104,117.45383522727273,0.026671976,-75.517685,15.449397,0.9389999698017222,0.012219696,0.70286757,20.81114330658734,0.40530774,0.0,50.0
Don't Play That Song (You Lied),29753.469387755104,107.666015625,0.10945581,-68.26531,19.018314,0.9150062037263534,0.0005758863,0.98502463,21.958730706941445,0.46000108,0.0,50.0
Angel,30000.0,125.0,0.18502477,-63.176895,25.195625,0.8866501770074585,0.0011681132,1.1729851,21.36359921707516,0.49380875,0.0,50.0
Something He Can Feel,30000.0,102.27272727272727,0.09309788,-71.15625,32.831516,0.8703433140692269,0.002938066,0.9438969,22.0147717226112,0.56348884,0.0,50.0
Jump to It,29753.469387755104,126.04801829268293,0.21630453,-65.8477,21.04919,0.9067988498026704,0.0010927598,1.3389329,21.005839148016737,0.42114076,0.0,50.0
Get It Right,30000.0,123.046875,0.15572487,-68.44786,25.562914,0.8707866929651134,0.00023506333,1.5725105,20.951886014001655,0.48167616,0.0,50.0
Freeway of Love,29753.469387755104,139.6748310810811,0.026282035,-67.76047,20.136637,0.8751666603401409,0.015630437,1.120238,24.149710967962786,0.29546592,0.0,50.0
Who's Zoomin' Who?,29753.469387755104,109.95678191489361,0.062496107,-66.41031,25.11124,0.8516511423987593,0.0003466868,1.369049,21.985560905161798,0.42921266,0.0,50.0
I Knew You Were Waiting (For Me),29753.469387755104,107.666015625,0.18268424,-63.032135,23.82271,0.824866690704768,0.006263524,1.4376723,21.46878725353126,0.48862746,0.0,50.0
A Rose Is Still a Rose,30000.0,119.68085106382979,0.21759582,-67.51399,23.978817,0.9148869122668197,0.00018939606,1.1194692,22.375824183101567,0.3691717,0.0,50.0
Today I Sing the Blues,29753.469387755104,123.046875,0.17063244,-65.58664,18.78618,0.8956746836848586,0.0005659797,1.1698279,23.761741881896953,0.35909888,0.0,50.0
Dr. Feelgood (Love Is a Serious Business),29753.469387755104,139.6748310810811,0.08196404,-71.964424,17.732595,0.9188686127290003,0.0070975875,0.9878884,22.685686847861213,0.44044214,0.0,50.0
Baby I Love You,30000.0,120.18531976744185,0.22258241,-66.74664,20.51475,0.8965104676119651,0.0048757936,1.2258397,23.3373854384706,0.4423669,0.0,50.0
You Send Me,29753.469387755104,143.5546875,0.15297599,-63.187378,20.110891,0.8363763261509531,0.00021677079,1.050118,22.382138128374912,0.45440167,0.0,50.0
Call Me,30000.0,95.33898305084746,0.20243828,-68.77978,26.518705,0.8968167999204385,0.0029217913,1.2685196,22.52754908663472,0.47647658,0.0,50.0
Spirit in the Dark,29753.469387755104,126.04801829268293,0.26928088,-63.95797,19.590921,0.8744801547749954,0.00017265351,1.2281945,21.683366686807904,0.45064664,0.0,50.0
Day Dreaming,30000.0,139.6748310810811,0.16227835,-61.136623,21.736673,0.8376871383857215,0.003346669,1.2451024,22.126832616831226,0.45802778,0.0,50.0
Border Song (Holy Moses),29753.469387755104,135.99917763157896,0.101311274,-68.08089,14.817181,0.9285378144764578,0.0005503485,0.9504589,22.537733446819743,0.43996674,0.0,50.0
Oh Me Oh My (I'm a Fool for You Baby),29753.469387755104,123.046875,0.022257263,-67.92481,13.315783,0.9256626820009476,0.0007531346,0.8625039,23.70412750596745,0.42049623,0.0,50.0
Ain't Nothing Like the Real Thing,29753.469387755104,92.28515625,0.08817755,-62.404922,18.564875,0.8907004309700485,0.007991722,1.1173626,21.706832474789728,0.48187736,0.0,50.0
Rolling in the Deep (The Aretha Version),30000.0,125.0,0.22219574,-62.27793,26.448221,0.8694066380526169,0.0141098155,1.2975926,21.917694763506976,0.4269405,0.0,50.0
Fields of Gold,29753.469387755104,156.60511363636363,0.047148068,-76.26964,16.773314,0.9361346274733718,0.00067005144,0.78671175,24.853469568278893,0.33572632,0.0,50.0
Englishman in New York,30000.0,106.13207547169812,0.26728508,-70.15588,24.876163,0.908796920790144,0.0014348418,1.2115479,21.64094585626536,0.52018267,0.0,50.0
If I Ever Lose My Faith in You,30000.0,98.6842105263158,0.10199103,-62.860588,16.59069,0.8697397516759997,0.0021000467,1.1822975,20.79794415941566,0.50336677,0.0,50.0
Desert Rose,30000.0,112.5,0.15949337,-65.13848,18.013668,0.8813806807755814,0.0012270355,1.3886493,20.820753483684832,0.45373473,0.0,50.0
Fragile,30000.0,96.98275862068965,0.11247269,-71.15237,23.051449,0.8808566541618343,0.0002578381,1.585525,20.818418228745063,0.554047,0.0,50.0
Shape of My Heart,30000.0,87.5926906779661,0.15573625,-67.680244,20.096275,0.9110656904591367,0.0010581566,1.1449643,21.836029204222985,0.40619326,0.0,50.0
When We Dance,30000.0,119.68085106382979,0.2025118,-75.63722,21.08414,0.9591877668881001,5.8392194e-05,1.4196296,20.346744778814298,0.5837992,0.0,50.0
All This Time,29753.469387755104,126.04801829268293,0.28398204,-61.558903,19.782604,0.8743170642403109,0.007487153,1.2128093,21.536342912267813,0.5082781,0.0,50.0
Russians,30000.0,130.8139534883721,0.16035585,-68.82452,25.492138,0.8958222960169033,0.0024247447,1.1925328,22.815205110054407,0.38396206,0.0,50.0
Seven Days,30000.0,137.1951219512195,0.27429378,-64.99844,25.178236,0.8670742795706254,0.00045235475,1.6381136,19.250378488917008,0.7054659,0.0,50.0
Moon over Bourbon Street,30000.0,125.0,0.13240391,-67.53852,26.564068,0.9063810483134892,0.0066248835,1.08538,23.315184006264026,0.47167853,0.0,50.0
Fortress Around Your Heart,30000.0,119.68085106382979,0.09361404,-65.938385,20.066113,0.8974815050131056,0.0019605798,1.0379646,22.796860202884343,0.43804505,0.0,50.0
We'll Be Together,29753.469387755104,107.666015625,0.050799895,-66.383484,18.763563,0.894050436223237,0.010728194,1.1194823,22.310182212375334,0.43733582,0.0,50.0
They Dance Alone (Cueca Solo),30000.0,127.8409090909091,0.021042477,-76.08565,26.34382,0.8786568233796873,0.0013349997,0.8870718,24.108315750991657,0.3175488,0.0,50.0
If You Love Somebody Set Them Free,30000.0,122.28260869565217,0.12428702,-64.0296,21.069756,0.8598375518590676,0.011017618,1.1750342,21.46910209068211,0.43772167,0.0,50.0
Be Still My Beating Heart,29753.469387755104,101.33272058823529,0.03558574,-69.10202,23.870003,0.8604879107380418,0.001108896,1.1317532,21.798324011220988,0.47264948,0.0,50.0
Little Wing,30000.0,144.23076923076923,0.36655366,-65.892075,27.121117,0.8941206442877261,0.00029391036,1.6332409,21.478004083144384,0.7403451,0.0,50.0
It's Probably Me,30000.0,90.66611842105263,0.07993276,-71.997284,27.617556,0.8371772241416211,0.020580225,1.3653135,20.070186458903038,0.5401848,0.0,50.0
Brand New Day,29753.469387755104,132.51201923076923,0.086845964,-69.80968,19.283508,0.936073309109749,0.0019067511,1.0373238,23.017939689723057,0.48670226,0.0,50.0
After the Rain Has Fallen,29753.469387755104,107.666015625,0.0931158,-68.67496,18.013855,0.9234844352369119,3.695985e-05,1.2510303,20.956859096383383,0.532688,0.0,50.0
Whenever I Say Your Name,29753.469387755104,103.359375,0.029472569,-70.98001,19.252459,0.9049245009052144,7.4040756e-05,1.2139683,22.00917121146147,0.4050452,0.0,50.0
Until...,29753.469387755104,166.70866935483872,0.11773606,-63.50946,18.564157,0.8665155523169767,0.0013656785,1.1707865,20.187074412799053,0.6416689,0.0,50.0
Roxanne,30000.0,137.1951219512195,0.2491702,-57.7935,16.7127,0.8268071787434503,0.00020167182,1.2894647,21.165549750344937,0.5502921,0.0,50.0
Message in a Bottle,29753.469387755104,151.99908088235293,0.14357731,-60.332993,20.846748,0.846920567463856,0.012840731,1.2402943,21.31421149722152,0.4346185,0.0,50.0
Every Breath You Take,30000.0,119.68085106382979,0.13711582,-70.44563,19.555468,0.9425222242767691,0.00074554636,1.2316796,20.243224193196532,0.50722975,0.0,50.0
Walking on the Moon,30000.0,117.1875,0.03178397,-70.521614,30.505968,0.7653731004226456,0.0027255057,1.812651,19.863894266650057,0.5134236,0.0,50.0
Every Little Thing She Does Is Magic,29753.469387755104,161.4990234375,0.11433622,-65.4595,17.609566,0.8972214623846632,0.0005698397,1.1839074,21.76589449224503,0.5711081,0.0,50.0
Love Is the Seventh Wave,30000.0,160.71428571428572,0.1312513,-62.261356,25.603727,0.8484751199567292,0.006627556,1.4065087,22.074315793732335,0.42751756,0.0,50.0
Children's Crusade,30000.0,104.16666666666667,0.11878813,-68.01986,18.339893,0.8889263952161105,0.012823483,1.047847,22.29930977436057,0.36528924,0.0,50.0
Consider Me Gone,29753.469387755104,97.50884433962264,0.21231383,-64.46205,24.484768,0.8885448389329729,0.0013578612,1.0201693,22.477338035012693,0.48739108,0.0,50.0
Heavy Cloud No Rain,30000.0,112.5,0.15684362,-64.819496,22.138884,0.8698779457382964,0.00027571493,1.3188554,21.054374467097094,0.51256293,0.0,50.0
The Soul Cages,30000.0,102.27272727272727,0.23836835,-59.926792,20.853426,0.8800126332721345,0.013446427,1.1719364,20.424018722951054,0.51138526,0.0,50.0
Mad About You,30000.0,112.34714673913044,0.15641546,-60.05982,16.661455,0.8419621427025682,0.01938364,1.0401298,21.57019127222691,0.35222498,0.0,50.0
All Four Seasons,30000.0,110.29411764705883,0.094473176,-66.97333,32.704174,0.9064235593859564,0.2732709,0.8830987,18.976061360873086,0.26846784,0.0,50.0
You Make Me Wanna...,29753.469387755104,82.03125,0.15331224,-63.44443,23.617252,0.7927767594136732,0.0009992206,1.512229,22.21839838282388,0.5236771,0.0,50.0
Nice & Slow,30000.0,112.5,0.20554054,-63.478275,21.181715,0.8710545743480044,0.00010058834,1.4040034,22.203780976543484,0.44272426,0.0,50.0
My Way,30000.0,133.92857142857142,0.13391969,-73.99794,20.490183,0.9493031300486875,0.0010125341,0.9412464,21.48395380273947,0.45591027,0.0,50.0
U Remind Me,30000.0,170.45454545454547,0.18360586,-63.795925,21.751976,0.8732906844244404,0.0062599364,1.1105956,21.890590256083797,0.42253488,0.0,50.0
U Got It Bad,29753.469387755104,123.046875,0.12946905,-70.79012,16.795227,0.9087382296943493,0.00012429256,1.0642655,23.556723576979625,0.4378102,0.0,50.0
U Don't Have to Call,29753.469387755104,99.38401442307692,0.13683802,-66.847946,23.942879,0.8294664110933325,0.000384892,1.5727825,21.97437362490538,0.5285164,0.0,50.0
Yeah!,30000.0,125.0,0.21123834,-67.21382,22.699032,0.8927437065170473,0.0016906138,0.95210415,23.544863193378838,0.33221155,0.0,50.0
Burn,30000.0,130.8139534883721,0.16970138,-71.57347,29.832548,0.8731727891353527,0.011411699,1.1966355,20.46235000085267,0.49904272,0.0,50.0
Confessions Part II,29753.469387755104,92.28515625,0.14902802,-67.57374,29.728834,0.8516482540980445,0.0005314778,1.4146383,23.433383088796784,0.42129463,0.0,50.0
My Boo,30000.0,127.8409090909091,0.27098858,-63.71899,22.334963,0.865296356249998,0.00083987287,1.4499797,22.07778328796037,0.45405695,0.0,50.0
Caught Up,30000.0,125.0,0.2239889,-67.473015,23.559933,0.9194337214831131,0.0017261773,1.1674044,22.3379790227519,0.3891387,0.0,50.0
Love in This Club,29753.469387755104,139.6748310810811,0.14309998,-65.58941,21.249264,0.8721384285682554,0.0006862211,1.2162368,21.733746006606356,0.44343317,0.0,50.0
Trading Places,30000.0,86.53846153846153,0.06562434,-70.970985,23.333952,0.9081726927213141,0.0014482879,1.1066298,22.50783392010013,0.45944193,0.0,50.0
Moving Mountains,29753.469387755104,114.84375,0.18304771,-62.109417,18.266344,0.827068864026594,0.000802942,1.2967852,22.29864058816271,0.49396777,0.0,50.0
More,30000.0,104.16666666666667,0.19338493,-68.6856,19.849155,0.9317693434659523,0.00025684643,1.1494745,22.359224937292215,0.4042665,0.0,50.0
Climax,30000.0,95.33898305084746,0.2208734,-67.207344,27.03773,0.8885962992067996,0.00020118829,1.5764902,20.35095225229834,0.5548362,0.0,50.0
Scream,29753.469387755104,129.19921875,0.17334503,-68.7087,24.602213,0.9007438071040699,0.0027457613,1.3362648,21.701394868448332,0.48372167,0.0,50.0
Good Kisser,30000.0,117.1875,0.12139973,-72.4293,24.42283,0.928760383827883,0.03656152,1.2371488,20.57229758599291,0.5440823,0.0,50.0
She Came to Give It to You,30000.0,144.23076923076923,0.18742236,-64.42508,22.477957,0.8659635814663773,0.016039195,1.4006062,21.479524118214847,0.49995545,0.0,50.0
Crash,30000.0,125.0,0.1583936,-65.19651,30.194792,0.9042728682753595,0.0003173093,0.93216395,19.937070110760736,0.47138765,0.0,50.0
No Limit,30000.0,122.28260869565217,0.15960273,-64.97665,25.405926,0.8760624853945802,0.008088856,1.5431358,22.892108836459105,0.37005645,0.0,50.0
Bad Habits,30000.0,127.8409090909091,0.116389126,-72.07168,28.241695,0.9239884565178537,0.12074462,0.95350885,22.470933111004477,0.2939839,0.0,50.0
Boyfriend,29753.469387755104,101.33272058823529,0.19293568,-66.27386,30.713785,0.8675106617375736,0.00047281594,1.440137,22.497643600063714,0.4467295,0.0,50.0
Last Kiss,29753.469387755104,114.84375,0.14943518,-61.058075,23.584263,0.8118965541844099,0.00097520853,1.1391207,22.039962931479476,0.5093636,0.0,50.0
Guaranteed,30000.0,125.0,0.085706905,-74.32432,25.145586,0.9398379414591732,0.13296643,0.895258,20.271622730739903,0.32610607,0.0,50.0
Society,30000.0,119.68085106382979,0.09098223,-70.06817,31.231428,0.9367204923695777,0.29888436,0.734621,16.522335537578005,0.33912483,0.0,50.0
Hard Sun,30000.0,83.95522388059702,0.21890357,-67.019844,24.301424,0.895204996638887,0.0006559536,1.3539076,21.550481130463957,0.5466077,0.0,50.0
Rise,30000.0,160.71428571428572,0.10425879,-67.08568,17.307728,0.8830265927106804,0.01149263,1.2138882,20.999621569896977,0.42291266,0.0,50.0
Long Nights,29753.469387755104,126.04801829268293,0.22708583,-61.370735,22.918755,0.83046049650424,0.0010839307,1.2132654,21.8269826336328,0.45160675,0.0,50.0
Setting Forth,30000.0,140.625,0.20871033,-63.78505,24.011614,0.8571436136594459,0.0002856883,1.3299378,21.987402647963304,0.38671407,0.0,50.0
Far Behind,30000.0,122.28260869565217,0.10349857,-69.96185,23.816294,0.9181294184331611,0.012197005,0.9875125,22.846756338547966,0.41205814,0.0,50.0
End of the Road,30000.0,110.29411764705883,0.19392702,-66.692314,25.744478,0.8973629987699976,0.00026455242,1.0640924,22.31874982203832,0.3872002,0.0,50.0
No Ceiling,30000.0,83.95522388059702,0.21890357,-67.019844,24.301424,0.895204996638887,0.0006559536,1.3539076,21.550481130463957,0.5466077,0.0,50.0
Satellite,30000.0,119.68085106382979,0.18822609,-66.37918,27.68444,0.8126225485271884,0.00048222818,1.4637582,21.801870014202407,0.57101494,0.0,50.0
Guaranteed,30000.0,125.0,0.085706905,-74.32432,25.145586,0.9398379414591732,0.13296643,0.895258,20.271622730739903,0.32610607,0.0,50.0
Society,30000.0,119.68085106382979,0.09098223,-70.06817,31.231428,0.9367204923695777,0.29888436,0.734621,16.522335537578005,0.33912483,0.0,50.0
Hard Sun,30000.0,83.95522388059702,0.21890357,-67.019844,24.301424,0.895204996638887,0.0006559536,1.3539076,21.550481130463957,0.5466077,0.0,50.0
Rise,30000.0,160.71428571428572,0.10425879,-67.08568,17.307728,0.8830265927106804,0.01149263,1.2138882,20.999621569896977,0.42291266,0.0,50.0
Long Nights,29753.469387755104,126.04801829268293,0.22708583,-61.370735,22.918755,0.83046049650424,0.0010839307,1.2132654,21.8269826336328,0.45160675,0.0,50.0
Setting Forth,30000.0,140.625,0.20871033,-63.78505,24.011614,0.8571436136594459,0.0002856883,1.3299378,21.987402647963304,0.38671407,0.0,50.0
Far Behind,30000.0,122.28260869565217,0.10349857,-69.96185,23.816294,0.9181294184331611,0.012197005,0.9875125,22.846756338547966,0.41205814,0.0,50.0
End of the Road,30000.0,110.29411764705883,0.19392702,-66.692314,25.744478,0.8973629987699976,0.00026455242,1.0640924,22.31874982203832,0.3872002,0.0,50.0
No Ceiling,30000.0,83.95522388059702,0.21890357,-67.019844,24.301424,0.895204996638887,0.0006559536,1.3539076,21.550481130463957,0.5466077,0.0,50.0
Satellite,30000.0,119.68085106382979,0.18822609,-66.37918,27.68444,0.8126225485271884,0.00048222818,1.4637582,21.801870014202407,0.57101494,0.0,50.0
Without You,30000.0,133.92857142857142,0.16807759,-68.11599,21.512691,0.9131393304322369,0.00037788454,0.9838546,21.81410182197334,0.43341598,0.0,50.0
The Haves,30000.0,127.8409090909091,0.048373725,-72.51207,29.90987,0.8891030534963029,0.10381932,0.68325776,20.59668517144376,0.38149855,0.0,50.0
Invincible,30000.0,140.625,0.18745722,-63.06873,18.670403,0.8877315990916806,0.00042322776,1.1303023,21.73670150784519,0.36224002,0.0,50.0
Brother the Cloud,29753.469387755104,126.04801829268293,0.1612606,-62.57643,22.749098,0.891051361272759,0.0056971526,0.9964122,23.85071094338319,0.34298193,0.0,50.0
Fallout Today,30000.0,107.666015625,0.25527188,-56.58986,18.883612,0.8062620744169814,0.0011786874,1.1221981,21.098086729746484,0.50588393,0.0,50.0
Mooo!,30000.0,104.16666666666667,0.1001815,-72.71608,25.640001,0.910125510019643,0.0018010213,1.0382335,22.999107399056875,0.29676154,0.0,50.0
Juicy,30000.0,127.8409090909091,0.2765728,-60.738106,20.65978,0.8562557649826926,0.00022993408,1.2501266,22.93826538048782,0.43936756,0.0,50.0
Say So,30000.0,127.8409090909091,0.048084702,-77.10483,14.824107,0.9784985394940346,0.008738745,0.57953066,21.05188271525858,0.49640805,0.0,50.0
Like That,30000.0,127.8409090909091,0.26106894,-60.532658,22.99417,0.8442575213803729,0.03132744,1.3711857,22.04859138915178,0.29369426,0.0,50.0
Streets,30000.0,151.99908088235293,0.16483687,-69.8608,30.850828,0.9107968953061116,0.0011522667,1.1965009,24.22407679816431,0.43532982,0.0,50.0
Kiss Me More,29753.469387755104,109.95678191489361,0.22453646,-68.90913,23.424028,0.9014173237968137,0.00054422853,0.96129185,25.448575724165934,0.35791472,0.0,50.0
Need to Know,30000.0,114.79591836734694,0.05018178,-75.07737,25.99753,0.9066064206945434,0.011107572,1.0019473,21.98034422150112,0.32497072,0.0,50.0
Woman,30000.0,139.6748310810811,0.23746672,-61.252186,19.421192,0.8420346928082334,0.001290052,1.3630643,21.552946494939125,0.41312975,0.0,50.0
Get Into It (Yuh),29753.469387755104,92.28515625,0.20131218,-68.174965,30.666195,0.8669655473983056,0.00095250166,1.5105195,23.038543166440377,0.42130747,0.0,50.0
You Right,30000.0,144.23076923076923,0.16994113,-64.168884,18.79117,0.8653321602354794,0.008893731,1.1570054,20.820177093812372,0.4326998,0.0,50.0
Vegas,30000.0,156.25,0.27525333,-61.575672,23.322355,0.8602478056984045,0.0066217617,1.5173136,21.184352541944214,0.49289653,0.0,50.0
Paint the Town Red,29753.469387755104,101.33272058823529,0.13993447,-71.47955,24.54355,0.9113717415763369,0.0006709254,1.0889584,22.699856171782944,0.42277834,0.0,50.0
Agora Hills,29753.469387755104,123.046875,0.24651279,-67.478714,23.63696,0.8862064703673782,0.00011944864,1.1119528,23.11716054137861,0.47608748,0.0,50.0
Attention,30000.0,114.79591836734694,0.3013599,-67.80013,28.489054,0.8902811843417567,0.00017580633,1.333876,21.55562197174493,0.5005797,0.0,50.0
Rules,30000.0,106.13207547169812,0.07301598,-69.82912,24.654177,0.8942071840436717,0.00022613318,1.3111286,20.83951895529351,0.44416356,0.0,50.0
Bottom Bitch,30000.0,106.13207547169812,0.3084943,-68.92554,25.348385,0.9105917727586853,0.00298018,1.0903761,22.326010035044913,0.53224945,0.0,50.0
Cyber Sex,30000.0,130.8139534883721,0.20661461,-69.12018,31.952559,0.8674531275623896,0.00072459254,1.3326235,21.310302266515027,0.4298811,0.0,50.0
Candy,30000.0,125.0,0.20179425,-66.1922,19.414423,0.9074465446983657,0.000214111,1.1421648,22.938527951847174,0.41361398,0.0,50.0
Tia Tamera,30000.0,102.27272727272727,0.26335007,-74.4256,15.827657,0.9642353263404401,0.0011261291,1.029525,20.377377059537476,0.6673946,0.0,50.0
Go to Town,30000.0,110.29411764705883,0.290299,-66.401146,24.317303,0.8877810764610562,8.1801285e-05,1.297635,21.423899905612657,0.49531785,0.0,50.0
Addiction,30000.0,148.02631578947367,0.23752938,-70.820656,26.677824,0.9222435641545006,0.0025159135,1.3706045,22.488783122320672,0.3984163,0.0,50.0
Up and Down,30000.0,119.68085106382979,0.09568031,-72.03799,27.400127,0.8521185752012931,0.00035434176,1.0342216,22.098607206062933,0.43686423,0.0,50.0
Beautiful,30000.0,87.890625,0.14664146,-71.217766,28.725351,0.9209376270359532,0.0019479943,0.8701526,21.346096386769233,0.4808661,0.0,50.0
Been Like This,29753.469387755104,99.38401442307692,0.18476544,-66.83499,27.024385,0.9019898641657357,0.00029700375,1.1582413,21.518241255625036,0.48395956,0.0,50.0
WYM Freestyle,29753.469387755104,143.5546875,0.399164,-65.18594,22.990126,0.8710121884982609,7.457439e-05,1.3926531,21.652872483316905,0.6891465,0.0,50.0
Balut,30000.0,106.13207547169812,0.1360659,-69.620834,21.159464,0.9222193039787167,0.0022962592,1.0778413,22.035918968629648,0.44147816,0.0,50.0
Demons,30000.0,102.27272727272727,0.23320433,-68.6824,24.362043,0.9163318795150553,0.0038488875,1.2384733,21.642717950586633,0.54387677,0.0,50.0
Skull and Bones,29753.469387755104,114.84375,0.20255084,-69.12691,26.728493,0.8863104658511001,9.0592e-05,1.0411596,24.14482762049941,0.41009203,0.0,50.0
drivers license,29753.469387755104,120.18531976744185,0.08373318,-70.53645,23.942322,0.9231755176555858,0.007515115,1.0634298,23.317318603965496,0.31838536,0.0,50.0
deja vu,30000.0,98.6842105263158,0.14269267,-74.24592,23.908234,0.9517026809749611,0.0014066182,1.0322523,20.59358440561471,0.49196485,0.0,50.0
good 4 u,30000.0,117.1875,0.08403497,-67.88548,25.95793,0.9027706857936801,0.0027821928,1.0257621,22.717856395948576,0.3353389,0.0,50.0
brutal,30000.0,181.4516129032258,0.26619732,-63.510265,27.537743,0.844500862645175,0.0003727301,1.4481909,20.579004326870354,0.43793643,0.0,50.0
traitor,30000.0,133.92857142857142,0.07882992,-70.6406,25.2977,0.9082126174705957,0.00011850342,1.1790588,20.999671746899313,0.477001,0.0,50.0
happier,30000.0,90.7258064516129,0.054612383,-72.646,23.354359,0.9270905277697928,0.00046620317,0.69101787,23.300741880149825,0.36813325,0.0,50.0
favorite crime,30000.0,117.1875,0.08200112,-68.97601,19.545822,0.9159441706085225,7.624231e-05,1.094817,23.325926961265765,0.44232112,0.0,50.0
"jealousy, jealousy",30000.0,152.02702702702703,0.122964814,-70.73882,23.52015,0.919790714658864,3.0043353e-05,1.1232111,21.737421025581405,0.56206733,0.0,50.0
enough for you,30000.0,119.68085106382979,0.28918737,-64.09484,22.491499,0.9021498740003712,0.00016921663,1.0208793,19.953025408716613,0.6286737,0.0,50.0
hope ur ok,29753.469387755104,101.33272058823529,0.07588929,-71.80764,22.614296,0.9294917903485865,0.0011227389,1.0272887,23.031093662267253,0.4813068,0.0,50.0
vampire,30000.0,106.13207547169812,0.117813975,-69.09889,24.082441,0.9010769351506458,0.0003515428,1.091613,21.74860906705564,0.4195847,0.0,50.0
bad idea right?,30000.0,130.8139534883721,0.23799907,-64.14438,23.129496,0.8810719284076538,0.00022120307,1.4308429,20.361013001864094,0.5455975,0.0,50.0
get him back!,30000.0,108.17307692307692,0.18241519,-64.73913,27.634312,0.868400035902225,0.0017206436,1.210592,20.60832353301664,0.52053344,0.0,50.0
ballad of a homeschooled girl,29753.469387755104,120.18531976744185,0.22695205,-55.831123,17.970364,0.8514003923700705,0.009246315,1.0985174,20.471762520367562,0.5340459,0.0,50.0
making the bed,29753.469387755104,120.18531976744185,0.095509544,-66.27629,24.749126,0.9040593790730993,0.009044559,1.0266472,22.937325054566575,0.45333952,0.0,50.0
logical,29753.469387755104,143.5546875,0.14752714,-59.642757,15.736873,0.8124025671091281,0.0020684514,1.1604881,21.393590568865733,0.37670526,0.0,50.0
lacy,30000.0,119.68085106382979,0.13348423,-66.99282,26.944935,0.8129586762709373,0.0022077519,1.4306103,21.059610998169116,0.5701486,0.0,50.0
love is embarrassing,30000.0,117.1875,0.15602319,-62.825027,20.779947,0.8678245346008091,0.00025966484,1.2727768,20.109650646547284,0.5291188,0.0,50.0
the grudge,30000.0,114.84375,0.27521205,-63.427406,26.743958,0.853260025252296,0.00022582646,1.203401,19.95380955842306,0.5972299,0.0,50.0
pretty isn't pretty,29753.469387755104,123.046875,0.28303573,-62.09773,20.821926,0.8748336500575359,0.0044602957,1.3027407,20.593856017593097,0.5435099,0.0,50.0
teenage dream,30000.0,119.68085106382979,0.10021363,-62.607323,22.684437,0.8766562091630007,0.0010698624,1.3181919,22.690946110932398,0.35514748,0.0,50.0
all-american bitch,30000.0,104.16666666666667,0.11501994,-65.79991,20.24308,0.8941618671903027,0.0066537,1.0332625,24.88958481192168,0.27368543,0.0,50.0
Can't Catch Me Now,30000.0,140.625,0.091980785,-71.80469,20.777802,0.914063119733108,0.0064857975,0.98445934,23.39105385761954,0.4244859,0.0,50.0
Obsessed,30000.0,117.1875,0.21438229,-69.28811,25.470222,0.9070423990798162,0.016219907,1.377835,21.238741958780505,0.40425268,0.0,50.0
White Iverson,30000.0,130.8139534883721,0.09041446,-73.12833,24.734745,0.9331359240277636,0.0001530401,0.8141152,21.776013156658312,0.40127403,0.0,50.0
Congratulations,30000.0,130.8139534883721,0.09976184,-67.55435,21.237377,0.8817215037848918,0.00042161703,1.1747142,21.305994074527735,0.3751854,0.0,50.0
Rockstar,30000.0,161.4990234375,0.12317346,-72.90443,25.659828,0.9194067097658364,0.015222552,1.072469,21.843848022206057,0.44349644,0.0,50.0
Psycho,30000.0,100.44642857142857,0.12916562,-70.638664,22.28658,0.8940248808531162,0.00017840316,1.1695365,23.175828245845977,0.3220022,0.0,50.0
Better Now,30000.0,140.625,0.3177261,-58.74744,20.62737,0.8316906205731168,0.0005204784,1.3304025,21.66728389275605,0.5177678,0.0,50.0
Sunflower,30000.0,181.4516129032258,0.08410948,-73.34904,29.167336,0.8591945406011621,0.17757703,1.1165768,18.78011511979904,0.59699893,0.0,50.0
Wow.,30000.0,125.0,0.105330855,-71.413475,24.529978,0.9223513927172591,0.00048608132,0.8297956,21.758272816172315,0.41826722,0.0,50.0
Goodbyes,30000.0,114.79591836734694,0.1049219,-68.853775,25.594011,0.9024264498336481,0.0044037206,0.9857584,21.356841639863884,0.36693123,0.0,50.0
Circles,30000.0,139.6748310810811,0.22702754,-62.106445,16.628286,0.8776259812198111,0.007727291,0.99989605,21.004417999940014,0.5150695,0.0,50.0
Candy Paint,30000.0,90.7258064516129,0.13452044,-69.02031,24.179981,0.9118516447476279,0.00019750615,1.0480819,24.13035800101436,0.27708882,0.0,50.0
Saint-Tropez,29753.469387755104,120.18531976744185,0.10732323,-64.75852,27.435354,0.8833986450037173,0.0035785716,1.3766761,23.445405320746943,0.3627718,0.0,50.0
Take What You Want,30000.0,137.1951219512195,0.21237355,-67.66238,22.20644,0.9201405866278205,5.597694e-05,0.9740553,22.77901293858111,0.3326453,0.0,50.0
Die For Me,30000.0,152.02702702702703,0.20169921,-69.13006,29.238853,0.9068282217560242,0.002220043,0.94494504,22.791396842646332,0.3918653,0.0,50.0
Enemies,30000.0,156.25,0.20440026,-63.85801,24.876892,0.8848821961195467,0.008491822,1.240086,20.095772997278683,0.46165478,0.0,50.0
Allergic,30000.0,119.68085106382979,0.12490684,-66.86352,24.370981,0.8988704017476642,0.00015858136,0.8195575,20.987520273578422,0.49528846,0.0,50.0
A Thousand Bad Times,29753.469387755104,79.50721153846153,0.2684866,-71.05092,22.203909,0.9432300912981559,0.00039838196,1.150753,21.86365818664725,0.50322604,0.0,50.0
Myself,30000.0,144.23076923076923,0.1352548,-69.08037,23.714947,0.8901721685113251,0.015433694,1.1239654,22.60428968899778,0.44511774,0.0,50.0
I Fall Apart,30000.0,130.8139534883721,0.10493413,-68.42822,25.835468,0.9142112516858425,0.000101966456,1.0101056,23.41318792077593,0.34265187,0.0,50.0
Deja Vu,30000.0,98.6842105263158,0.14269267,-74.24592,23.908234,0.9517026809749611,0.0014066182,1.0322523,20.59358440561471,0.49196485,0.0,50.0
Go Flex,30000.0,133.92857142857142,0.15041704,-72.10356,21.477419,0.9324582101197362,0.0017739907,1.1823252,20.607534697157647,0.5585422,0.0,50.0
Too Young,30000.0,125.0,0.2157902,-60.114895,19.973888,0.842725376798925,0.00043237684,1.3758802,21.551609720977936,0.37972763,0.0,50.0
Feeling Whitney,30000.0,170.45454545454547,0.058396813,-74.79328,19.65974,0.8945691895576068,0.0005629507,0.8665983,22.316598894251477,0.52184176,0.0,50.0
Spoil My Night,30000.0,160.71428571428572,0.23964618,-68.653824,26.337685,0.9233836901283211,4.6148245e-05,1.0201595,22.81585212853253,0.31445482,0.0,50.0
Ball for Me,30000.0,133.92857142857142,0.12260912,-70.770836,28.425749,0.8934865022783679,0.00013423576,1.0763891,21.786852194837135,0.33871883,0.0,50.0
Stay,30000.0,119.68085106382979,0.06875923,-64.71976,27.177774,0.8294511556158978,0.009132655,1.4466038,21.520510120492922,0.4377264,0.0,50.0
Over Now,30000.0,127.8409090909091,0.19854388,-61.55189,20.22705,0.8334294582597772,0.0009592366,1.7695448,19.632878832644575,0.49175516,0.0,50.0
Motley Crew,30000.0,130.8139534883721,0.09292148,-71.26443,25.464684,0.9009879655453312,0.0024260753,1.0680047,21.450303557481853,0.30689272,0.0,50.0
One Right Now,30000.0,112.34714673913044,0.112989895,-74.055374,21.41516,0.9462609243194353,0.0015439135,0.8638598,22.36996285203873,0.4905967,0.0,50.0
Cooped Up,30000.0,125.0,0.22416396,-69.409836,24.423512,0.912808529791939,4.7743484e-05,1.0730625,21.516351568275493,0.4762456,0.0,50.0
I Like You (A Happier Song),30000.0,100.44642857142857,0.22049327,-69.93809,24.286142,0.9187025492198003,6.93035e-05,1.1802795,21.690176141504292,0.5179115,0.0,50.0
Wasting Angels,30000.0,112.5,0.14835052,-66.39736,28.160135,0.9123876485389726,0.00043992745,1.0277394,21.556036907596795,0.42932525,0.0,50.0
Chemical,30000.0,130.8139534883721,0.12023217,-62.360237,16.207724,0.8803619636631522,0.00557705,1.1063805,19.447719054729028,0.5666128,0.0,50.0
Mourning,30000.0,103.359375,0.2358002,-66.249405,24.976086,0.8631120891576048,0.0023149098,1.0962049,20.862290439676183,0.5799206,0.0,50.0
Something Real,30000.0,139.6748310810811,0.10959981,-63.23583,22.356594,0.808068213971805,0.0029630451,1.2310172,23.641737524559453,0.31628922,0.0,50.0
Enough Is Enough,30000.0,117.1875,0.19144088,-72.09999,24.83843,0.938501568775791,3.221465e-05,1.0537956,21.75239839161055,0.43862522,0.0,50.0
Texas Tea,30000.0,140.625,0.26889518,-70.61662,23.848244,0.9350953076530879,4.45744e-05,1.2533463,20.93223895831242,0.5206348,0.0,50.0
White Wedding,30000.0,148.02631578947367,0.18645212,-63.545692,21.61748,0.8842354956294366,0.000344206,1.1402189,20.09946805481444,0.5559195,0.0,50.0
Rebel Yell,29753.469387755104,83.35433467741936,0.19667959,-65.0727,19.767895,0.8876951919380716,0.0020233144,1.1673956,20.97435872671023,0.55432713,0.0,50.0
Dancing with Myself,30000.0,87.890625,0.1565783,-61.913963,19.58459,0.869175296829006,0.03230702,1.2037729,21.12801369764306,0.5588116,0.0,50.0
Eyes Without a Face,29753.469387755104,114.84375,0.17842256,-63.06419,18.235645,0.8630515112402248,0.0012812132,1.1861933,22.134433471836488,0.54910994,0.0,50.0
Cradle of Love,29753.469387755104,143.5546875,0.17183402,-61.681873,18.073294,0.8883396005731112,0.0018343721,1.191104,19.911194232019334,0.53875893,0.0,50.0
Mony Mony,29753.469387755104,135.99917763157896,0.14617318,-61.56812,17.82691,0.8649352024768544,0.009466937,1.2339792,21.338662106549794,0.5840964,0.0,50.0
Hot in the City,30000.0,110.29411764705883,0.109440595,-67.94475,26.38995,0.8882627338740872,0.0005208506,1.033592,19.730681919715455,0.5765504,0.0,50.0
To Be a Lover,29753.469387755104,123.046875,0.14207877,-68.19264,22.9717,0.9109552349703843,0.0013019443,1.5243341,20.80458393156792,0.56717885,0.0,50.0
Sweet Sixteen,29753.469387755104,156.60511363636363,0.16217431,-64.42025,19.552118,0.9005555367213416,0.012979313,1.1799446,22.607212849145817,0.45665348,0.0,50.0
Don't Need a Gun,29753.469387755104,139.6748310810811,0.14713837,-65.34656,17.48928,0.8977706276546042,0.013508719,1.2933242,20.545095039975585,0.5207361,0.0,50.0
Shock to the System,29753.469387755104,112.34714673913044,0.180987,-62.027817,21.186066,0.8312689216434077,0.00042170557,1.259943,21.259708893658754,0.5181249,0.0,50.0
Speed,30000.0,117.1875,0.17000937,-66.036224,25.668423,0.9038299816340095,0.0014570575,1.4285024,21.00898465636627,0.59690326,0.0,50.0
Scream,29753.469387755104,129.19921875,0.17334503,-68.7087,24.602213,0.9007438071040699,0.0027457613,1.3362648,21.701394868448332,0.48372167,0.0,50.0
Flesh for Fantasy,29753.469387755104,93.96306818181819,0.14757906,-67.8764,27.983408,0.879960552785536,0.0013578018,1.373569,21.46117632350875,0.5301289,0.0,50.0
Catch My Fall,29753.469387755104,132.51201923076923,0.13398859,-68.809204,26.630568,0.8871878238862207,0.0013399649,1.2155333,21.8715652984271,0.5561725,0.0,50.0
World Comin' Down,29753.469387755104,114.84375,0.31133732,-57.987602,14.717266,0.8554782660654484,0.0005376969,1.0767875,20.86613025315857,0.48932347,0.0,50.0
Prodigal Blues,29753.469387755104,103.359375,0.11649123,-66.733696,19.054087,0.9225882988628773,0.0007272687,1.1313626,21.15522404323596,0.66279507,0.0,50.0
Untouchables,29753.469387755104,135.99917763157896,0.11702404,-63.805313,22.231676,0.886787460678399,0.0013969346,1.0030645,21.12361662127682,0.4523283,0.0,50.0
One Hundred Punks,30000.0,140.625,0.1642302,-63.703632,26.692875,0.859450187105626,0.00041434763,1.5221301,21.158991524305986,0.4337616,0.0,50.0
King Rocker,30000.0,139.6748310810811,0.0084559675,-66.00126,15.815321,0.8759051928399721,0.0039716484,1.2236506,22.937789839498496,0.33304226,0.0,50.0
Love Calling,30000.0,129.19921875,0.10936241,-69.779945,21.883879,0.8894664817888881,0.011147551,1.0547515,19.506067330927827,0.72679466,0.0,50.0
Bitter Taste,29753.469387755104,120.18531976744185,0.22888286,-64.352905,16.245638,0.9026319882240315,7.015689e-05,1.1494969,21.44386774822885,0.56076723,0.0,50.0
Night Moves,30000.0,122.28260869565217,0.046164103,-65.84326,17.042898,0.8895196792953007,0.00024697217,1.1366835,22.201178440342048,0.41581625,0.0,50.0
Turn the Page,30000.0,144.23076923076923,0.15571775,-68.120316,22.079582,0.915335966494704,7.0329275e-05,1.1501276,21.321852830568712,0.38790095,0.0,50.0
Against the Wind,29753.469387755104,109.95678191489361,0.06266576,-64.80079,18.829828,0.8828904211844899,0.0028740608,1.1519785,21.967068729188124,0.45414904,0.0,50.0
Old Time Rock & Roll,30000.0,123.046875,0.13132092,-65.770996,16.446764,0.8817176462233917,0.0007569013,1.0659214,20.85596855169055,0.5842559,0.0,50.0
We've Got Tonight,29753.469387755104,126.04801829268293,0.054658707,-70.568855,20.228092,0.91691792687018,0.0083358865,0.87846875,25.313703802270645,0.3302739,0.0,50.0
Still the Same,30000.0,137.1951219512195,0.055719852,-73.22028,26.52319,0.9337674571405101,0.001625327,0.72387695,20.37108013105864,0.4852388,0.0,50.0
Hollywood Nights,29753.469387755104,126.04801829268293,0.22708583,-61.370735,22.918755,0.83046049650424,0.0010839307,1.2132654,21.8269826336328,0.45160675,0.0,50.0
Like a Rock,30000.0,147.65625,0.1910096,-65.270966,20.020052,0.8566916517187209,0.007893063,1.2068936,24.36100451923783,0.3193947,0.0,50.0
Mainstreet,30000.0,119.68085106382979,0.2743635,-64.45718,26.498423,0.8623858480291852,0.000150128,1.1166569,22.97601525438173,0.49029896,0.0,50.0
You'll Accomp'ny Me,30000.0,98.6842105263158,0.3071891,-63.660324,19.243553,0.8770980338325612,0.0002424176,1.2443548,20.457693046463955,0.52608526,0.0,50.0
Fire Down Below,30000.0,105.46875,0.09072506,-62.183105,19.16237,0.8673485880497807,0.0019054359,1.1524942,21.253340222043246,0.51415426,0.0,50.0
Shakedown,29753.469387755104,86.1328125,0.19156834,-62.191784,18.401922,0.8709908195085926,0.0014331018,1.0871134,21.43296901379059,0.4624349,0.0,50.0
Beautiful Loser,30000.0,87.890625,0.14664146,-71.217766,28.725351,0.9209376270359532,0.0019479943,0.8701526,21.346096386769233,0.4808661,0.0,50.0
Katmandu,30000.0,125.0,0.085992634,-70.849365,18.708607,0.8846983190020374,0.0029755395,1.2770011,22.97189399649596,0.3772887,0.0,50.0
Roll Me Away,30000.0,122.28260869565217,0.098713264,-70.69562,25.947306,0.9313097591164577,0.00023401061,1.0022025,21.709957956483446,0.50063246,0.0,50.0
The Fire Inside,30000.0,165.44117647058823,0.08563606,-63.374485,24.231853,0.8722795162385375,0.002008979,1.2036768,22.47611539935648,0.4267382,0.0,50.0
Her Strut,30000.0,102.27272727272727,0.2081197,-67.16306,19.01605,0.9025159504751343,6.746734e-05,1.1313651,21.718157802405624,0.49695095,0.0,50.0
Feel Like a Number,30000.0,119.68085106382979,0.15991725,-68.015396,20.492586,0.9085180723598119,0.00052995887,1.0957005,19.80539067054231,0.5310948,0.0,50.0
Tryin' to Live My Life Without You,30000.0,106.13207547169812,0.17675418,-72.07982,21.140331,0.9421667147573858,0.0013073538,0.97759974,20.526790395744765,0.45483643,0.0,50.0
Get Out of Denver,30000.0,125.0,0.24804944,-65.05378,22.215778,0.9044667939031658,0.00018433186,1.4570138,20.911459388868877,0.62856674,0.0,50.0
Ramblin' Gamblin' Man,29753.469387755104,132.51201923076923,0.19757465,-63.724827,13.8364,0.8837542649074295,0.009986474,1.0133901,21.948585449959662,0.45596534,0.0,50.0
Rock and Roll Never Forgets,29753.469387755104,151.99908088235293,0.2187223,-60.701706,18.09453,0.8901809544997398,0.00010383407,1.0632571,20.537281366499386,0.47429273,0.0,50.0
Downtown Train,30000.0,122.28260869565217,0.18694758,-69.098854,27.35622,0.9037855676505275,0.021715688,1.3891691,22.71723038622236,0.42561996,0.0,50.0
Understanding,30000.0,123.046875,0.09182987,-69.43362,17.06231,0.902206484409221,8.887372e-05,1.6794218,24.387732251246838,0.33104002,0.0,50.0
Betty Lou's Gettin' Out Tonight,30000.0,87.5926906779661,0.19184652,-65.141045,19.276253,0.9131453425136633,0.001066362,1.2545711,20.54704598733883,0.43603995,0.0,50.0
Little Drummer Boy,30000.0,98.6842105263158,0.16537996,-65.76538,33.036793,0.8466452993245457,0.10517561,1.3902235,21.366870373234537,0.35733172,0.0,50.0
Come to Poppa,30000.0,98.6842105263158,0.31517375,-62.4386,19.575645,0.8823376004100694,0.0019728858,1.1918334,22.205228318338676,0.35648623,0.0,50.0
Fortunate Son,30000.0,130.8139534883721,0.24868906,-63.922253,20.33213,0.9016574016641754,0.00037900324,1.1982528,20.562230438833165,0.5155693,0.0,50.0
Real Love,30000.0,112.5,0.18725543,-63.228085,20.956642,0.866997875002335,0.00042753672,1.2215172,22.97633155602499,0.36070976,0.0,50.0
Sightseeing,30000.0,119.68085106382979,0.04277976,-72.43023,25.721819,0.9438482041772054,0.022165777,0.75889146,22.48128437666819,0.4433941,0.0,50.0
Black Box,30000.0,135.99917763157896,0.101463616,-67.6162,26.055988,0.8747499223221236,0.0022876337,1.4625626,23.162451620911558,0.41868764,0.0,50.0
Choose You,30000.0,139.6748310810811,0.110911496,-70.621956,24.067026,0.8979861280395611,0.0023421508,1.2089137,22.33056439422099,0.4066765,0.0,50.0
Unbroken,30000.0,100.44642857142857,0.25177813,-64.19081,31.95095,0.8877681678993673,0.0008845236,1.1104155,22.0939668090058,0.41492444,0.0,50.0
Stuck in a Box,30000.0,119.68085106382979,0.12963761,-72.61652,24.039112,0.9302024212535543,0.00016388828,1.0338429,22.689922149121713,0.36198768,0.0,50.0
Bulletproof,29753.469387755104,123.046875,0.28651857,-59.4632,17.45303,0.8478534939565241,0.007402097,1.3924872,22.05790468877022,0.51892906,0.0,50.0
Light It Up,30000.0,108.17307692307692,0.2013268,-64.26596,20.858448,0.8788722091270356,0.00012216392,1.2285544,22.423065622019614,0.45046884,0.0,50.0
Give,29753.469387755104,95.703125,0.027068913,-69.79238,24.634304,0.9129077966448305,0.0024160263,0.83529884,23.2691590067366,0.3765195,0.0,50.0
Thank You,30000.0,90.7258064516129,0.32829595,-65.197296,21.27121,0.9063363904155723,0.0012089991,1.5730346,21.643906629055184,0.51939076,0.0,50.0
Come Back Home,30000.0,86.53846153846153,0.21665663,-73.46819,23.143608,0.9555707367712685,0.0016615738,1.1224372,20.67966045697409,0.58201283,0.0,50.0
All I Need,30000.0,133.92857142857142,0.12730256,-63.6156,22.455557,0.8873754787378689,0.006759838,1.4533664,20.860952384211256,0.5293572,0.0,50.0
The One,30000.0,104.16666666666667,0.22076115,-64.75384,21.905699,0.8998717285635658,0.0015445258,1.3563647,22.577392082492494,0.4649536,0.0,50.0
