Song Title,duration_ms,tempo,energy,loudness,danceability,speechiness,acousticness,instrumentalness,liveness,valence,explicit,popularity,chroma,spectral_contrast,zero_crossings
Clocks,29753.469387755104,[132.51201923],0.14459895,-67.59525,0.5653337710457947,24.757942,0.8841687886122708,0.0019289114,0.9068375,22.892275560776454,0.0,50.0,0.46999016,22.892275560776454,0.06729831235976978
Viva la Vida,242373.33333333334,[137.19512195],0.19506833,-65.841736,0.25963095549920656,19.138521,0.9110917143836883,0.0028449947,1.0369581,21.52211484106074,0.0,50.0,0.40467355,21.52211484106074,0.045287229068104305
Paradise,29753.469387755104,[132.51201923],0.1464292,-66.99982,0.2498051188353874,21.376146,0.8968351852021493,0.015051487,1.554349,20.685852480112818,0.0,50.0,0.5623952,20.685852480112818,0.039583790605794554
A Sky Full of Stars,236982.875,[133.92857143],0.15037726,-69.03876,0.22804168132376765,18.593016,0.9295420989266031,0.0023849367,0.9187368,20.995023119391977,0.0,50.0,0.45721766,20.995023119391977,0.03611495134405809
Something Just Like This,165000.0,[112.5],0.23259881,-65.194855,0.19875447759336598,26.211662,0.8812472041300695,0.00022025243,1.3665507,21.188408429359008,0.0,50.0,0.5296844,21.188408429359008,0.06075631313131313
Speed of Sound,360071.8541666666,[127.84090909],0.25623745,-61.31947,0.24587607982305296,22.208767,0.8339674442890899,0.0008594872,1.384053,20.764663429632158,0.0,50.0,0.5599248,20.764663429632158,0.08019244307082458
In My Place,29753.469387755104,[77.13386194],0.10889399,-65.95518,0.142307692303642,24.93636,0.885123508029746,0.013857497,1.19675,20.530405689866,0.0,50.0,0.5437606,20.530405689866,0.04667456223783045
Trouble,225023.9909297052,[143.5546875],0.16528292,-63.69309,0.2143008914710428,20.390928,0.8666026252493857,0.00011721784,1.1470101,25.77071057029904,0.0,50.0,0.28352875,25.77071057029904,0.06794700046092339
Shiver,458800.2916666667,[122.2826087],0.24016336,-65.71459,0.6222745383603966,26.295662,0.8349662047422526,0.00046334512,1.695923,20.56194729694679,0.0,50.0,0.68137765,20.56194729694679,0.06658302763720635
Don't Panic,121137.0625,[98.68421053],0.1378917,-68.96533,0.207944753105189,25.020924,0.8774370384973825,0.0011413693,1.3642546,22.419126885677038,0.0,50.0,0.51056796,22.419126885677038,0.055018772640289176
Sparks,155765.85416666666,[119.68085106],0.28734908,-64.75369,0.3344796071274311,20.975088,0.8923323200028226,7.643337e-05,1.2538927,21.73748045672816,0.0,50.0,0.41261825,21.73748045672816,0.050043728828566274
Daylight,174658.85416666666,[152.02702703],0.24473579,-69.26631,0.62675319386636,16.96133,0.9337702242254468,6.3934494e-05,1.0677848,21.106405713778386,0.0,50.0,0.5339925,21.106405713778386,0.03370713742563629
Talk,232888.8958333333,[133.92857143],0.28841844,-61.854618,0.35958703850125034,23.52122,0.8595149234457005,0.00030582136,1.4238334,21.68258783182456,0.0,50.0,0.5522082,21.68258783182456,0.06312013766936612
What If,318093.3333333333,[148.02631579],0.21904102,-63.173355,0.34694889651687766,21.89503,0.8799211245375443,0.00043660766,1.0297818,20.157596497617554,0.0,50.0,0.54411983,20.157596497617554,0.05953722963909964
White Shadows,185039.8333333333,[140.625],0.26150593,-65.96191,0.1903134416294011,27.934816,0.8808303492045976,0.0009140667,1.426924,22.12110488193169,0.0,50.0,0.48638764,22.12110488193169,0.054128773174064324
X&Y,239420.95833333334,[119.68085106],0.19126064,-68.249535,0.14204577042052982,24.213535,0.9091817926126472,0.013403218,0.96424073,21.471212843844743,0.0,50.0,0.37104994,21.471212843844743,0.0384770339132452
Square One,156120.0,[160.71428571],0.0643018,-71.19478,0.19294393153121425,29.498482,0.9144724922432438,0.0067016883,1.044092,21.4909632031828,0.0,50.0,0.5155283,21.4909632031828,0.04138243018191135
Low,179957.5625,[127.84090909],0.24471335,-67.04241,0.1021901499192034,25.590208,0.8831866643347837,0.006921098,1.2194855,21.946401491403115,0.0,50.0,0.50926834,21.946401491403115,0.04137491674831207
The Hardest Part,176040.0,[93.75],0.21724568,-69.28256,0.21670983435039284,24.69269,0.8986672788051854,0.0013226838,1.11292,22.18931102030285,0.0,50.0,0.47196004,22.18931102030285,0.04709121506475801
Swallowed in the Sea,239001.75,[144.23076923],0.13745509,-65.20359,0.2123495955019943,27.997463,0.902238259804736,0.0071877865,0.9077829,21.337797965320615,0.0,50.0,0.44903257,21.337797965320615,0.04478157586712231
Twisted Logic,280372.25,[125.],0.25056568,-62.42374,0.4547230003917447,21.872353,0.8392173925505527,0.00040034254,1.3819702,22.785586987778085,0.0,50.0,0.43190408,22.785586987778085,0.07432871239337464
Til Kingdom Come,250668.10416666666,[114.79591837],0.16054468,-68.551605,0.17351424679556288,19.172192,0.9119885887855795,0.001925733,0.8968288,21.873442394067453,0.0,50.0,0.46170294,21.873442394067453,0.038642979856581605
Politik,450000.0,[137.19512195],0.3131626,-64.30077,0.6595391685610729,23.720076,0.8835043908746818,0.0002449965,1.3191922,19.737001880855644,0.0,50.0,0.6958678,19.737001880855644,0.03926273148148148
God Put a Smile upon Your Face,204800.0,[125.],0.2678545,-66.41054,0.7789026263783237,24.703243,0.8703444190856038,0.0003193904,1.291057,21.80685209092582,0.0,50.0,0.54342467,21.80685209092582,0.06499776204427084
A Rush of Blood to the Head,351400.0,[140.625],0.1587662,-64.89985,0.28176698953993023,22.051497,0.8948945256963956,0.0027163464,0.9566753,20.83445634530354,0.0,50.0,0.44806775,20.83445634530354,0.049136074748624546
Amsterdam,141130.89583333334,[144.23076923],0.19122452,-67.5067,0.8254209036515207,23.991926,0.89585812754905,0.00030755144,1.4662418,21.235888918878608,0.0,50.0,0.4194274,21.235888918878608,0.04490615464396749
Warning Sign,391758.375,[125.],0.25137624,-64.45837,0.5490489121253278,23.024323,0.8805155585131834,0.002584611,1.5723543,19.920163613884256,0.0,50.0,0.5881877,19.920163613884256,0.04520367092769023
One I Love,281939.6041666666,[130.81395349],0.22406602,-61.295963,0.33757244286120897,21.878134,0.8858994567733687,0.019127592,0.9759384,21.30714498659102,0.0,50.0,0.43614846,21.30714498659102,0.05953860833522191
See You Soon,220192.39583333334,[137.19512195],0.21131551,-65.598816,0.34984523692348746,21.332874,0.904637592483332,0.01099538,0.9661791,19.937079525288812,0.0,50.0,0.49083698,19.937079525288812,0.04805428207434124
Green Eyes,394383.75,[144.23076923],0.3683518,-60.00148,0.5042857598503276,20.799387,0.8430096135136478,0.00046066055,1.2663867,20.483266808428265,0.0,50.0,0.54304963,20.483266808428265,0.08725310901712693
Everything's Not Lost,436440.0,[137.19512195],0.17408258,-69.20171,0.2300426016601435,24.560923,0.9189080173614043,0.02828017,0.8329508,21.759301619412522,0.0,50.0,0.42201716,21.759301619412522,0.03485172646870131
Life in Technicolor,245099.52083333334,[130.81395349],0.22914708,-62.83562,0.6321019751729611,19.363268,0.8943699441124888,0.00018894057,1.1258609,20.605925708247657,0.0,50.0,0.47548258,20.605925708247657,0.04832985784600932
Cemeteries of London,201106.66666666666,[144.23076923],0.19347674,-65.52563,0.29145283992679255,23.753038,0.9141118300786955,5.5064058e-05,1.0552902,20.732999795036783,0.0,50.0,0.46012416,20.732999795036783,0.03981013392561161
Lost!,240927.3541666667,[148.02631579],0.1429928,-71.96238,0.17243562242515903,29.97712,0.9287904953297403,0.24962808,0.8735043,18.631393409540344,0.0,50.0,0.33441544,18.631393409540344,0.031441358576880844
42,107546.125,[119.68085106],0.257053,-66.48253,0.18318728615215418,26.963768,0.8921422949142959,0.0007148704,1.3367139,22.695246633878288,0.0,50.0,0.43183252,22.695246633878288,0.04626948824670965
Lovers in Japan,29753.469387755104,[105.46875],0.07069732,-75.23552,0.24862471353055215,22.92828,0.9349525519045138,0.0086140735,0.6750116,23.501618344575427,0.0,50.0,0.3605059,23.501618344575427,0.04438286508633304
Yes,512393.2916666666,[133.92857143],0.17916487,-63.717773,0.2523787576480701,24.945057,0.8814154496606348,0.0009386228,1.1468487,21.29338411968242,0.0,50.0,0.4506989,21.29338411968242,0.06031202919567237
Strawberry Swing,235650.625,[119.68085106],0.06058486,-70.942505,0.11744352529369813,19.392534,0.9334043773541754,0.0010490738,1.0830423,20.4154454768265,0.0,50.0,0.45626667,20.4154454768265,0.04621265768621096
Death and All His Friends,378853.3333333334,[127.84090909],0.14672196,-70.18374,0.24915519344103473,23.09158,0.9285284045823101,0.00020238692,0.838886,21.555270254376968,0.0,50.0,0.42142943,21.555270254376968,0.031110379126486943
Violet Hill,165642.45833333334,[125.],0.2733481,-61.371677,0.2583762771813404,24.106709,0.8529134592706784,0.00062900886,1.4098976,21.381581573200847,0.0,50.0,0.52100605,21.381581573200847,0.06889374428204927
Every Teardrop Is a Waterfall,198296.58333333334,[127.84090909],0.26706558,-60.914726,0.5838382701501573,24.450932,0.8481779643558085,0.0005927045,1.261009,21.541325074724988,0.0,50.0,0.396773,21.541325074724988,0.07695638141353082
Charlie Brown,197537.9791666667,[59.84042553],0.13768397,-72.855835,0.08194419861683572,15.476447,0.9588368869793293,0.0013675891,0.7975549,21.888127817846293,0.0,50.0,0.43642294,21.888127817846293,0.021149097594418288
Princess of China,285544.5,[95.33898305],0.19110869,-67.18655,0.26683473416225484,26.725624,0.8267417890124089,0.00062273507,1.5250223,21.26364825040798,0.0,50.0,0.49096256,21.26364825040798,0.1009275699584478
Up in Flames,224042.6875,[140.625],0.23263387,-65.85413,0.5510430227828393,24.070412,0.8764821496538376,0.00035343537,1.2421855,22.269681590075226,0.0,50.0,0.40007165,22.269681590075226,0.04967133774450907
Hurts Like Heaven,330004.9166666666,[130.81395349],0.29694077,-57.391922,0.2914682909359422,21.252728,0.8295212280704427,0.0029608265,1.1550356,20.937847083871805,0.0,50.0,0.48280776,20.937847083871805,0.08649233508894691
Us Against the World,139786.66666666666,[89.28571429],0.16963506,-69.15756,0.2485609597448768,26.182835,0.8604307247027168,0.0007147093,1.3812292,22.114679769893677,0.0,50.0,0.4592579,22.114679769893677,0.0701835833174361
Major Minus,173529.41666666666,[152.02702703],0.36952695,-62.914433,0.3062884911196944,21.596678,0.8766454682425636,0.00024151333,1.1928015,19.863010316212716,0.0,50.0,0.48040065,19.863010316212716,0.05123578951311329
Mylo Xyloto,42106.916666666664,[119.68085106],0.08916936,-67.79086,0.2099245266615549,13.274037,0.9259648847427966,9.105363e-06,1.0170116,20.357854207393917,0.0,50.0,0.42171758,20.357854207393917,0.05544912455000465
Moving to Mars,300816.9791666667,[75.],0.37466553,-60.91373,0.21739959721141572,26.219818,0.8479614187177877,0.0005563452,1.218496,20.408192863293046,0.0,50.0,0.46930966,20.408192863293046,0.07181720058881318
Up with the Birds,191591.9954648526,[161.49902344],0.12176705,-64.1432,0.48181022301875276,26.13074,0.8780233129496071,0.00069675077,1.3134977,21.165798792029292,0.0,50.0,0.52769256,21.165798792029292,0.05150850251390456
Midnight,133419.375,[156.25],0.20025939,-66.93859,0.43783034871888465,26.091389,0.8346777564352504,0.00024015416,1.3455005,22.532963288596417,0.0,50.0,0.4819541,22.532963288596417,0.08474312670105073
Magic,216099.04166666666,[95.33898305],0.3247069,-66.00155,0.1164598657667868,25.782797,0.885390578500596,0.029127473,1.2419729,21.82934562944167,0.0,50.0,0.3843721,21.82934562944167,0.05076163957999968
Ink,206169.9791666667,[148.02631579],0.22846237,-67.115486,0.39169171346161125,24.769197,0.9081039532122747,0.041677035,1.2587861,21.139353664333544,0.0,50.0,0.47067392,21.139353664333544,0.036027715399479736
True Love,29753.469387755104,[95.703125],0.16701676,-66.114876,1.0868209488077631,29.006298,0.8784822785836415,0.008697491,1.1371205,22.009209387029383,0.0,50.0,0.44627362,22.009209387029383,0.051751810798946446
Oceans,370200.0,[114.79591837],0.19507423,-69.042595,0.14790149936284033,19.04207,0.9300911095435193,0.0056516393,1.0364599,20.780924366754007,0.0,50.0,0.43256682,20.780924366754007,0.03730877453628669
A Sky Full of Stars,236982.875,[133.92857143],0.15037726,-69.03876,0.22804168132376765,18.593016,0.9295420989266031,0.0023849367,0.9187368,20.995023119391977,0.0,50.0,0.45721766,20.995023119391977,0.03611495134405809
O,292379.0416666667,[61.81318681],0.14057416,-69.61458,0.07245236066227397,23.400621,0.9084590858882122,0.002046922,0.8865932,21.534764259851446,0.0,50.0,0.3925563,21.534764259851446,0.03702763407716895
Always in My Head,161328.0,[67.77108434],0.0930248,-71.32482,0.08855926869450176,20.810352,0.920133354202921,9.065939e-05,1.1187655,20.87319719742285,0.0,50.0,0.501904,20.87319719742285,0.03522507975470263
Another's Arms,276044.7708333334,[140.625],0.18792881,-67.44734,0.3045000862230308,25.252623,0.9050529120170141,0.017572014,0.94963896,20.46950003151085,0.0,50.0,0.54613876,20.46950003151085,0.03782327277980044
Adventure of a Lifetime,263786.6666666667,[112.5],0.32109663,-64.53523,0.25577595347481846,19.591707,0.9004313988075836,0.0001076359,1.1647279,21.27732760839652,0.0,50.0,0.44115052,21.27732760839652,0.042740424711888395
Hymn for the Weekend,258266.66666666666,[90.72580645],0.20477563,-64.413086,0.19050264655765348,25.104252,0.8675862092075449,0.00041644936,1.0439242,21.705503188878875,0.0,50.0,0.36420268,21.705503188878875,0.07140374935467217
Birds,133236.1041666667,[144.23076923],0.1110076,-69.612206,0.341657608589616,28.288847,0.8998104265711708,0.03507701,1.2992733,22.12891386749506,0.0,50.0,0.48977247,22.12891386749506,0.03706171359646167
Everglow,251959.7291666667,[165.44117647],0.16370577,-63.450798,0.3546218426651654,31.926481,0.8840747622891929,0.16055638,1.0651556,19.239225754552198,0.0,50.0,0.36711076,19.239225754552198,0.07198571001797824
Amazing Day,169923.6458333333,[112.5],0.31825736,-61.227238,0.1063592653198059,23.147917,0.8661050981715332,0.0057230047,1.4282744,21.512858145217038,0.0,50.0,0.62211776,21.512858145217038,0.04484367059469725
Colour Spectrum,512000.0,[119.68085106],0.25351056,-65.0703,0.7916064067728692,24.486208,0.8635676435984923,0.00042921316,1.614256,20.053747239774996,0.0,50.0,0.6492892,20.053747239774996,0.06004508463541667
Fun,260342.14583333334,[104.16666667],0.24033144,-66.358055,0.1979094492712455,26.528929,0.8666120208839331,0.00082134496,1.3292553,22.518356107223713,0.0,50.0,0.4316682,22.518356107223713,0.0658472428470131
Kaleidoscope,214125.7291666667,[127.84090909],0.30888093,-65.65631,0.33864352706954354,23.62847,0.8938838259577321,0.0016520657,1.3002926,21.61798926608527,0.0,50.0,0.4209925,21.61798926608527,0.04862563709892017
Army of One,389746.9583333333,[127.84090909],0.21433198,-67.52837,0.2942534413094536,21.016064,0.9180324230777619,0.005433881,0.9895606,21.707357783704513,0.0,50.0,0.3990199,21.707357783704513,0.039170286447606444
A Head Full of Dreams,223773.33333333334,[122.2826087],0.27652168,-63.370594,0.17835912776839705,22.382183,0.8772037069351315,0.00027114156,1.0226237,21.08110320285526,0.0,50.0,0.42684084,21.08110320285526,0.05731162113448132
Something Just Like This,165000.0,[112.5],0.23259881,-65.194855,0.19875447759336598,26.211662,0.8812472041300695,0.00022025243,1.3665507,21.188408429359008,0.0,50.0,0.5296844,21.188408429359008,0.06075631313131313
Miracles (Someone Special),225108.27083333334,[96.98275862],0.13283913,-68.61643,0.858844896609378,24.95616,0.904110261414467,0.00027444356,1.1457219,20.6700171449736,0.0,50.0,0.5012536,20.6700171449736,0.0423958026864295
E-Lo,137763.9909297052,[135.99917763],0.15373956,-61.52749,0.3848736895595524,22.728666,0.852394983840452,0.00058429426,1.4168074,22.03038617239649,0.0,50.0,0.5232909,22.03038617239649,0.07247153763905276
Orphans,305842.7083333334,[114.79591837],0.10811812,-66.934685,0.19231586391820268,26.45894,0.8588421209038054,0.03179958,1.1598916,22.424503358293997,0.0,50.0,0.36463323,22.424503358293997,0.06599961172852331
Arabesque,252389.3125,[117.1875],0.23760705,-64.974594,0.3315536156841753,23.906778,0.888246461963329,0.0017195499,1.5484915,21.66878555058779,0.0,50.0,0.47870728,21.66878555058779,0.055166427329075854
Champion of the World,215146.6666666667,[140.625],0.24329942,-63.421154,0.3002798917158928,24.536398,0.8892879019734101,0.0009897015,1.0525852,20.52252523043117,0.0,50.0,0.46828198,20.52252523043117,0.053461688925384235
Daddy,308009.8125,[85.22727273],0.27413103,-64.31847,0.17907858561864923,19.773592,0.8738121975507398,0.00037878563,1.317025,21.931704876831084,0.0,50.0,0.41211823,21.931704876831084,0.056316117093401584
Everyday Life,335238.1041666667,[125.],0.2498437,-64.96431,0.43953371855475915,27.630108,0.8561603278440301,0.00025457478,1.5975912,20.46448100820408,0.0,50.0,0.6038236,20.46448100820408,0.08924539890148973
Church,204104.1875,[127.84090909],0.12877096,-64.30315,0.14631135416036856,22.952578,0.8615715887415272,0.00073899527,1.1079879,22.292987281727367,0.0,50.0,0.35528058,22.292987281727367,0.07204112768795266
Trouble in Town,145872.0,[152.02702703],0.20741352,-66.56483,0.47119641971698756,15.563198,0.9162430159604631,0.00037757255,1.0576949,19.823714370930784,0.0,50.0,0.58471984,19.823714370930784,0.031947529340791925
BrokEn,29753.469387755104,[123.046875],0.16138208,-64.56305,0.4722222221776565,18.304996,0.9039843543833928,0.001670918,0.9215971,24.63951816260347,0.0,50.0,0.3942119,24.63951816260347,0.04931988342600722
When I Need a Friend,155000.0,[127.84090909],0.10157534,-73.48287,0.18337635998310475,20.97971,0.9324086764782588,0.00684665,0.99050194,20.388288483775504,0.0,50.0,0.47257277,20.388288483775504,0.028953494623655915
People of the Pride,217266.6666666667,[67.77108434],0.323302,-67.99976,0.08587548857758283,20.880991,0.9270645256764081,0.00013190656,0.99999493,20.275177262196653,0.0,50.0,0.5892217,20.275177262196653,0.02730352485424977
Higher Power,209676.20833333334,[152.02702703],0.31816116,-62.60374,0.17562310134787548,22.56563,0.8715869835446244,0.0016010025,1.3007493,21.224022726424536,0.0,50.0,0.5544478,21.224022726424536,0.043991539335749626
Humankind,281173.3333333334,[90.72580645],0.16141474,-69.36855,0.2570594087475913,21.348528,0.8895148015695435,0.0055513075,1.2716273,22.027404181504323,0.0,50.0,0.49675518,22.027404181504323,0.051390156724203336
Let Somebody Go,212509.04166666666,[95.33898305],0.11819909,-67.05072,0.1088521170434805,21.093184,0.8820455444919515,0.00079786155,1.004353,22.25110142851195,0.0,50.0,0.38951638,22.25110142851195,0.06163071100700225
Biutyful,116099.77324263038,[87.59269068],0.33742392,-62.15296,0.18642445740437544,28.35672,0.8227341139700954,0.0040287194,1.1019206,20.75871985009784,0.0,50.0,0.5112828,20.75871985009784,0.0767439453125
My Universe,228000.97916666666,[104.16666667],0.2561631,-63.52518,0.31298397756339863,21.44743,0.8736740686536597,0.0015967884,1.1385136,20.54774146324809,0.0,50.0,0.48871484,20.54774146324809,0.057312710736713755
Human Heart,225103.5,[144.23076923],0.2786346,-65.693344,0.6017080114105375,22.783657,0.9026493508730508,0.00021840789,1.502219,18.786100711459756,0.0,50.0,0.620369,18.786100711459756,0.04084398954258819
Tim McGraw,253466.66666666666,[112.5],0.20971325,-67.07553,0.11849099104687418,20.733845,0.8871482698957993,0.0020189572,1.2952648,21.77319053711717,0.0,50.0,0.5872826,21.77319053711717,0.04296365399789585
Picture to Burn,29753.469387755104,[105.46875],0.23174646,-56.396618,0.31386386311594233,17.420488,0.835655973941425,0.0009328507,1.1326565,21.706745376978297,0.0,50.0,0.46153107,21.706745376978297,0.08717061140376549
Teardrops on My Guitar,29753.469387755104,[99.38401442],0.122753605,-65.22805,0.19760617447296794,18.402523,0.8989229293125972,0.0010717474,0.9953583,23.947399550358664,0.0,50.0,0.43823248,23.947399550358664,0.03195648595258999
A Place in This World,29753.469387755104,[114.84375],0.17806068,-62.71458,0.19945124652289106,18.336435,0.8675785703597764,0.0007079369,1.0073003,23.760888368512674,0.0,50.0,0.37130395,23.760888368512674,0.062339954638571844
Cold as You,29753.469387755104,[143.5546875],0.1503057,-64.773895,0.5044188792519209,25.378794,0.8864934419576428,0.0044262456,0.8975028,21.909046497772138,0.0,50.0,0.4137993,21.909046497772138,0.061423885474587846
The Other Side of the Door,221250.0,[160.71428571],0.13075024,-66.897415,0.223998720009674,24.99463,0.9020901882351701,0.00012139646,0.9349199,23.048777400893353,0.0,50.0,0.32930988,23.048777400893353,0.03630282485875706
Our Song,223921.64583333334,[127.84090909],0.21885677,-61.451363,0.5040832128808579,21.154045,0.8671554740619728,0.0009089662,1.1965171,21.029035682413323,0.0,50.0,0.43536407,21.029035682413323,0.06874391237485508
I'm Only Me When I'm with You,191791.02083333334,[92.21311475],0.17373541,-63.00982,0.15786641180748262,24.161324,0.8740831637152897,0.0008787668,1.2211459,21.01874618483767,0.0,50.0,0.48331597,21.01874618483767,0.05774449164449717
Invisible,241192.1875,[114.79591837],0.13135253,-66.67962,0.2013772903861672,26.439297,0.8796916266947354,0.021673376,1.2921344,21.00369007268394,0.0,50.0,0.50708705,21.00369007268394,0.058942104001606606
A Perfectly Good Heart,29753.469387755104,[156.60511364],0.16351709,-62.892464,0.30352036674614785,21.9558,0.8618124435725107,0.00072457106,1.0024313,23.954634019460855,0.0,50.0,0.32991117,23.954634019460855,0.0767920507755341
Should've Said No,29753.469387755104,[83.35433468],0.17519408,-62.43865,0.5978812757413211,20.840336,0.8658682974449375,0.0006728855,0.9839615,22.82648579657552,0.0,50.0,0.45066854,22.82648579657552,0.0675650546288167
Mary's Song (Oh My My My),231804.8125,[181.4516129],0.24420227,-67.49728,0.4996522130543311,28.152906,0.9053128384776483,0.047374565,1.2570593,21.678185433230635,0.0,50.0,0.38011152,21.678185433230635,0.043672159164800196
White Horse,300605.53287981864,[123.046875],0.296648,-64.44204,0.6168797904684703,24.21218,0.889372843504533,0.007191668,1.4283868,19.228864494205997,0.0,50.0,0.6346326,19.228864494205997,0.04328926707573768
You Belong with Me,29753.469387755104,[129.19921875],0.14996053,-65.7385,0.5398861920176807,23.033733,0.8729862693034739,0.008650697,1.3225995,23.428261141937746,0.0,50.0,0.500744,23.428261141937746,0.05078391742269047
Fearless,177006.79166666666,[78.125],0.22492139,-67.78599,0.22267042244286464,20.384739,0.9130749329594668,0.00034358026,1.0841097,19.71246490680755,0.0,50.0,0.5835968,19.71246490680755,0.03339090331515057
Fifteen,6029966.802721088,[120.18531977],0.26606527,-63.550087,0.7913945412095592,22.244276,0.8567376733153783,0.0009145936,1.6056528,20.1008126005008,0.0,50.0,0.6292731,20.1008126005008,0.06023457611195507
Love Story,249901.47916666666,[104.16666667],0.27880377,-63.669876,0.31806351572628,22.541246,0.8750556187492848,0.006954634,1.063432,22.714574365078615,0.0,50.0,0.40989783,22.714574365078615,0.05226126195898367
Hey Stephen,29753.469387755104,[92.28515625],0.19004971,-66.80619,0.29678472651378474,21.388567,0.876052053857739,0.00062124076,1.3367361,21.080762854165403,0.0,50.0,0.41869175,21.080762854165403,0.0556454858062628
Tell Me Why,123882.66666666667,[133.92857143],0.19850108,-70.878914,0.15657798972492565,28.259695,0.8989229090813253,0.023358217,1.2238213,21.36024801427165,0.0,50.0,0.48989925,21.36024801427165,0.05844458331539521
You're Not Sorry,29753.469387755104,[107.66601562],0.08679149,-63.76811,0.3720172191400066,25.488604,0.8650994822056987,0.0060102446,1.0295833,20.903743822626552,0.0,50.0,0.5123199,20.903743822626552,0.07685073407472441
The Way I Loved You,29753.469387755104,[161.49902344],0.21174127,-61.45927,0.8870071075972449,21.557404,0.8522993681848076,0.0017021251,1.0206342,20.87878855123758,0.0,50.0,0.56582266,20.87878855123758,0.06491744707833381
Forever & Always,197043.70833333334,[108.17307692],0.13502294,-69.638664,0.09982989110838363,24.420134,0.8874343915966627,0.00022988311,1.1152992,21.50154267401756,0.0,50.0,0.46342185,21.50154267401756,0.05464534201273871
The Best Day,193881.89583333334,[100.44642857],0.2629338,-60.85624,0.2126725441011628,20.286217,0.881876166528633,0.0005064452,1.275245,20.81402808244179,0.0,50.0,0.42629611,20.81402808244179,0.053599640932608134
Change,214883.27083333334,[144.23076923],0.1781015,-68.4759,0.26367055497595354,27.716196,0.8814627795349129,0.0011089739,1.5412031,22.125721695689638,0.0,50.0,0.46934968,22.125721695689638,0.05201409253492958
Jump Then Fall,29753.469387755104,[107.66601562],0.106435716,-60.385876,0.11482078546737647,19.072865,0.8478010388113157,0.002130497,1.2464473,23.561730788837583,0.0,50.0,0.4091612,23.561730788837583,0.07568545141937372
Untouchable,213129.7083333333,[125.],0.23562345,-67.17647,0.2349579527717007,22.304035,0.8895130712177445,0.000113646136,1.2243193,21.184669276734578,0.0,50.0,0.5361402,21.184669276734578,0.04398759128097463
Come in with the Rain,29753.469387755104,[143.5546875],0.10670624,-64.18913,0.3375753969839979,16.19008,0.8742118466153581,0.0020154323,0.89677566,24.715821875469366,0.0,50.0,0.41475093,24.715821875469366,0.055323870841869086
Superstar,256580.49999999997,[80.35714286],0.28364038,-71.4307,0.0983507635516659,28.061644,0.9212935504146803,0.02625611,1.1446877,21.117186079182957,0.0,50.0,0.47211003,21.117186079182957,0.03583987286641035
The Other Side of the Door,221250.0,[160.71428571],0.13075024,-66.897415,0.223998720009674,24.99463,0.9020901882351701,0.00012139646,0.9349199,23.048777400893353,0.0,50.0,0.32930988,23.048777400893353,0.03630282485875706
Today Was a Fairytale,29753.469387755104,[105.46875],0.13909423,-64.51004,0.08740699108920434,17.236631,0.8768066637843209,0.013429787,1.0427679,23.188920598720774,0.0,50.0,0.4405894,23.188920598720774,0.057591180128767926
Mine,178640.22916666666,[98.68421053],0.18979557,-70.623764,0.19635415483773955,26.609863,0.9009499226773368,0.00015582157,1.3161765,22.77783870589322,0.0,50.0,0.47317234,22.77783870589322,0.04437456988446635
Sparks Fly,134884.72916666666,[87.890625],0.10638038,-64.29564,0.31534497642637455,19.108545,0.8825110081994967,0.013589594,1.1418985,20.964914581162986,0.0,50.0,0.4303195,20.964914581162986,0.05435968705995412
Back to December,29753.469387755104,[151.99908088],0.040441707,-73.582146,0.30879756311831424,17.379988,0.9598092495726848,0.01988233,0.82565683,20.80214481626889,0.0,50.0,0.46664447,20.80214481626889,0.02341158789386401
Speak Now,397009.0,[130.81395349],0.15923953,-61.023083,0.4042806159725317,14.833343,0.8782876957966929,0.0043241847,1.042228,20.44079028839921,0.0,50.0,0.5290127,20.44079028839921,0.0603229922579421
Dear John,235990.2083333333,[85.22727273],0.07400005,-70.91847,0.19150337712543328,25.67414,0.9108537220856974,0.00024259873,1.3093965,21.212589675031122,0.0,50.0,0.41793612,21.212589675031122,0.04925257315584245
Mean,255007.35416666666,[92.21311475],0.16958101,-71.05899,0.08375149950062238,30.676552,0.8901539701444906,0.01942643,1.3200725,21.572820807330576,0.0,50.0,0.48750365,21.572820807330576,0.05427294457929441
The Story of Us,29753.469387755104,[139.67483108],0.25911513,-60.216606,0.7705413353501254,20.48537,0.8429168005736438,0.0051901913,1.1603167,21.85799485753702,0.0,50.0,0.53413296,21.85799485753702,0.07706260364842454
Never Grow Up,212253.625,[119.68085106],0.14064184,-75.062416,0.44287705106367925,20.913898,0.9643816956203697,0.0010096628,0.8008359,20.09542030503071,0.0,50.0,0.54543877,20.09542030503071,0.012395940626848343
Enchanted,208500.0,[160.71428571],0.31156585,-58.74509,0.3138178252497407,25.248384,0.8238640769437471,0.0061025606,1.2140768,19.9664121486453,0.0,50.0,0.51042354,19.9664121486453,0.09116436850519584
Better Than Revenge,215562.47916666666,[152.02702703],0.20386697,-69.07112,0.4410869733742994,24.254364,0.9008964794454669,8.795702e-05,1.2955546,22.596684752176436,0.0,50.0,0.46768713,22.596684752176436,0.04365120746604885
Innocent,199794.85416666666,[106.13207547],0.20411637,-62.748455,0.1639385186134175,24.792074,0.8705204024091824,0.00039940252,1.348323,22.207179859119492,0.0,50.0,0.3481268,22.207179859119492,0.06172174729641957
Haunted,200643.6458333333,[98.68421053],0.303396,-66.24459,0.09563884328190252,25.432598,0.8798703338558175,0.047964964,1.2770547,21.232186157032935,0.0,50.0,0.5019681,21.232186157032935,0.046061866524346906
Last Kiss,29753.469387755104,[114.84375],0.14943518,-61.058075,0.8805503981015383,23.584263,0.8118965541844099,0.00097520853,1.1391207,22.039962931479476,0.0,50.0,0.5093636,22.039962931479476,0.08965436298897668
Long Live,166506.66666666666,[100.44642857],0.15863438,-66.22848,0.11705501937299172,27.648624,0.8817252993889904,0.025659237,1.338724,20.686527207196036,0.0,50.0,0.52829015,20.686527207196036,0.05263778227098014
Ours,203290.7029478458,[161.49902344],0.34465683,-54.6558,0.3308099527228611,19.680569,0.7813136038256091,0.0036729246,1.1104261,19.933933589345568,0.0,50.0,0.50040835,19.933933589345568,0.11394348318817818
If This Was a Movie,232496.5,[74.01315789],0.15541144,-64.146126,0.19242405556301825,23.783905,0.878494447596439,0.0009793882,1.0774133,22.241817187639203,0.0,50.0,0.41141087,22.241817187639203,0.06129545677748554
Superman,221126.54166666666,[140.625],0.36370802,-65.08698,0.36735663964258713,22.395317,0.8982000203421991,0.0001295944,1.2783822,22.183584930366052,0.0,50.0,0.33338642,22.183584930366052,0.05839831152486783
State of Grace,336927.3541666666,[127.84090909],0.26443866,-69.10531,0.4254336521570479,25.615307,0.9067474146544718,0.0008315008,1.2960323,21.983035770155958,0.0,50.0,0.57470894,21.983035770155958,0.028104104785694098
Red,29753.469387755104,[178.20581897],0.079982676,-64.675476,0.5131581480656037,24.898806,0.8492564070823861,0.00020566156,1.3841761,22.591517037055418,0.0,50.0,0.52851486,22.591517037055418,0.06359135694078627
Treacherous,180180.66666666666,[89.28571429],0.19116214,-69.22416,0.12058652624003474,25.978506,0.8901804143692715,0.0005151761,1.3178233,22.116834264232114,0.0,50.0,0.5482625,22.116834264232114,0.056712637500878745
I Knew You Were Trouble,225023.9909297052,[143.5546875],0.16528292,-63.69309,0.2143008914710428,20.390928,0.8666026252493857,0.00011721784,1.1470101,25.77071057029904,0.0,50.0,0.28352875,25.77071057029904,0.06794700046092339
All Too Well,29753.469387755104,[93.96306818],0.060471695,-71.86994,0.13599200806476627,19.517168,0.9409615957384196,0.00847945,0.9699777,21.406120784302935,0.0,50.0,0.44010124,21.406120784302935,0.02129060579455663
22,206727.27083333334,[130.81395349],0.16264376,-70.59738,0.2406107523197698,24.15563,0.898557832184067,0.00019534568,1.3505946,21.264690301196257,0.0,50.0,0.53994864,21.264690301196257,0.04878428291542329
I Almost Do,123154.02083333333,[104.16666667],0.23210631,-68.41273,0.1243296095622104,21.777348,0.9331074553663103,1.9971365e-05,1.3546075,20.428652724903387,0.0,50.0,0.57200396,20.428652724903387,0.020768370500827808
We Are Never Ever Getting Back Together,193032.0,[86.53846154],0.20705675,-61.72352,0.1351053892134185,16.913363,0.8422630353438025,0.0016696275,1.1136078,22.98034926209911,0.0,50.0,0.34605104,22.98034926209911,0.07891793847652202
Stay Stay Stay,192313.47916666666,[82.72058824],0.26351127,-63.515434,0.07480690906395857,21.486113,0.8872598184291103,0.004868943,1.0890939,21.961272892353396,0.0,50.0,0.41152483,21.961272892353396,0.04416703760689335
The Last Time,178631.11111111112,[156.60511364],0.21827121,-65.22857,0.45695902003370525,21.434967,0.9042238210764084,0.00026089253,1.1107734,23.100484123749386,0.0,50.0,0.3602494,23.100484123749386,0.04088081291433771
Holy Ground,177013.3333333333,[137.19512195],0.21494755,-66.61219,0.1962929938828696,23.13313,0.8832094489821545,0.00037724257,1.2420287,21.78554478541113,0.0,50.0,0.45424616,21.78554478541113,0.058206773501054535
Sad Beautiful Tragic,29753.469387755104,[132.51201923],0.08159513,-66.568306,0.4174162688109966,21.658182,0.8960068121192875,0.00048282562,0.86004424,25.23007870851162,0.0,50.0,0.3453118,25.23007870851162,0.04312155521412545
The Lucky One,29753.469387755104,[92.28515625],0.16515487,-63.32662,0.7630064496725695,20.822977,0.8406992041842722,0.0007782882,1.1876688,22.93530437524445,0.0,50.0,0.45821002,22.93530437524445,0.07372680104380061
Everything Has Changed,29753.469387755104,[80.74951172],0.0851315,-68.173195,0.10100936493080892,23.666058,0.8881429796106464,0.00070173043,1.018307,24.524841010532132,0.0,50.0,0.41359758,24.524841010532132,0.05194615159496634
Starlight,171729.0,[117.1875],0.22596079,-63.894062,0.3332872471437494,23.54064,0.8818451090494286,0.00034498257,1.2850937,22.146291815249917,0.0,50.0,0.47067013,22.146291815249917,0.05672903722337714
Begin Again,237009.0,[156.25],0.16227446,-62.95507,0.18976156124674481,22.95276,0.8647113345178429,0.0008789176,0.9982043,22.873379872436256,0.0,50.0,0.36472586,22.873379872436256,0.06988904781393675
The Moment I Knew,29753.469387755104,[126.04801829],0.078214556,-66.87933,0.18877189001093375,21.03145,0.8844816739528392,0.0063310205,1.0075614,23.98359196216468,0.0,50.0,0.3867657,23.98359196216468,0.050847173446493026
Girl at Home,1800096.0090702947,[156.60511364],0.13058643,-75.06234,0.2095940768161584,24.144897,0.93950732120947,9.942558e-05,0.9267189,21.3365152562604,0.0,50.0,0.4640783,21.3365152562604,0.026930032479749063
State of Grace (Acoustic Version),29753.469387755104,[107.66601562],0.05594561,-71.63157,0.2002504697206835,25.16741,0.9215417815242235,0.003941459,0.8545922,24.96290960133055,0.0,50.0,0.40896595,24.96290960133055,0.030993927421714956
Sweeter Than Fiction,263801.9166666667,[100.44642857],0.29058093,-64.71966,0.13162343369031276,24.150936,0.9038987499953421,0.008655948,1.334766,21.271473147021762,0.0,50.0,0.49253687,21.271473147021762,0.043238250417058505
Welcome to New York,29753.469387755104,[117.45383523],0.17475194,-66.23157,0.9015230573057248,26.412157,0.9006253516382937,0.0073115868,1.0666705,21.710424902661217,0.0,50.0,0.51081276,21.710424902661217,0.038924556140864305
Blank Space,200830.4583333333,[95.33898305],0.13745372,-64.76601,0.14987120811379495,26.325441,0.8661458510046972,0.029522184,1.2205489,23.24848968029499,0.0,50.0,0.3947688,23.24848968029499,0.06928252707352035
Style,125570.625,[130.81395349],0.21016006,-67.02983,0.30158064999592005,16.422987,0.9339358271418261,0.005129631,1.1920358,20.15886254540056,0.0,50.0,0.49798423,20.15886254540056,0.025114187069361697
Out of the Woods,230640.0,[125.],0.23498818,-63.769028,0.4606425468445117,21.627377,0.8906799127822627,0.00093200395,1.264896,21.492717857257897,0.0,50.0,0.5839597,21.492717857257897,0.03970943172621112
All You Had to Do Was Stay,141479.1875,[65.40697674],0.17408478,-69.99257,0.25849647812431,21.133434,0.9316560337547741,0.013137648,0.9365085,22.126931372439035,0.0,50.0,0.37635833,22.126931372439035,0.030030035336469543
Shake It Off,107717.375,[133.92857143],0.17263082,-66.87662,0.2771072099670029,28.909657,0.850208755269221,0.0030746246,1.5143709,21.922912337311676,0.0,50.0,0.5344762,21.922912337311676,0.08061779726808233
I Wish You Would,29753.469387755104,[156.60511364],0.13766824,-63.768723,0.17599498428005955,22.844206,0.8384137079737809,0.008004677,1.2573103,21.505192553621352,0.0,50.0,0.4518075,21.505192553621352,0.0997440798458687
Bad Blood,110364.44444444444,[161.49902344],0.3290521,-55.913452,0.3383358804536484,19.263842,0.7954437044323259,0.0013618001,1.1804416,19.91035638123673,0.0,50.0,0.58135533,19.91035638123673,0.09751715199610772
Wildest Dreams,220433.33333333334,[140.625],0.20989917,-65.30669,0.1858638073387546,22.89749,0.8883735081536677,0.008150929,1.0615197,21.392856169555547,0.0,50.0,0.4655425,21.392856169555547,0.05330976863753213
How You Get the Girl,29753.469387755104,[120.18531977],0.14061633,-67.220764,0.5244044240300757,24.011787,0.8724726667974487,0.0042268056,1.1867124,22.386759829449346,0.0,50.0,0.48050413,22.386759829449346,0.06498908643059213
This Love,29753.469387755104,[86.1328125],0.13216169,-67.051,0.08351807896746394,28.344929,0.888634991490383,0.001019772,0.8708926,24.127280269787875,0.0,50.0,0.31663942,24.127280269787875,0.06690200956004293
I Know Places,644260.8616780045,[143.5546875],0.33293387,-63.094097,0.687502101583491,19.032873,0.8651397867317958,0.0010321818,1.3612154,21.577061128890996,0.0,50.0,0.48609716,21.577061128890996,0.076053896282347
Clean,206262.875,[127.84090909],0.24955207,-60.392155,0.12303815419583794,21.396034,0.8231709388053792,0.000550016,1.1921185,21.957291722304237,0.0,50.0,0.4616305,21.957291722304237,0.09442572170747321
Wonderland,179443.80952380953,[143.5546875],0.071656704,-69.2755,0.19923531228803598,21.187063,0.8880621682051301,0.0034895446,1.2894492,21.537262776596236,0.0,50.0,0.518671,21.537262776596236,0.04769335128752588
You Are in Love,29753.469387755104,[172.265625],0.04821884,-66.303986,0.5315604040734684,22.101162,0.900170340278528,0.016067652,1.011348,21.4768777468277,0.0,50.0,0.45729315,21.4768777468277,0.043780027558287
New Romantics,29753.469387755104,[123.046875],0.087406605,-70.21551,0.593223747274929,25.6089,0.9066427767005589,0.008304448,0.8903463,21.865573092447303,0.0,50.0,0.4773083,21.865573092447303,0.05162377450980392
...Ready for It?,234693.20833333334,[64.65517241],0.117020816,-68.711205,0.1537275972566189,30.56446,0.8692933758272536,0.001077898,1.6133138,20.601819057133415,0.0,50.0,0.5818326,20.601819057133415,0.07826840252620576
End Game,199994.54166666666,[90.72580645],0.14468236,-69.5453,0.27235081063871436,26.538584,0.9396472665361619,0.0072137094,0.9142183,19.773156217565713,0.0,50.0,0.55754626,19.773156217565713,0.026953652276760054
I Did Something Bad,29753.469387755104,[166.70866935],0.10904142,-68.3313,0.39740274631980227,27.914713,0.9051895869112072,0.012554584,1.1965277,22.83754509724567,0.0,50.0,0.38100913,22.83754509724567,0.04619671251585211
Don't Blame Me,29753.469387755104,[135.99917763],0.10988693,-69.72249,0.1968562559156598,25.22307,0.9033503783062532,0.0028463793,1.0542625,24.434446944296777,0.0,50.0,0.41892725,24.434446944296777,0.04352319285923324
Delicate,236068.5833333333,[95.33898305],0.17424117,-64.90857,0.18406769747485793,23.498964,0.8643945379361448,0.0010836893,1.1520735,20.55003519431541,0.0,50.0,0.4914793,20.55003519431541,0.059523221182544765
Look What You Made Me Do,330721.8140589569,[139.67483108],0.32214338,-60.61373,0.5946564314294751,21.096262,0.8518392597237392,0.00093560916,1.3329146,20.713351662395425,0.0,50.0,0.5699315,20.713351662395425,0.06521035004037071
So It Goes...,312973.0625,[148.02631579],0.26815838,-69.29092,0.21333560143454894,20.891422,0.929252747422294,0.00027341163,1.2098293,20.694177091121524,0.0,50.0,0.4417266,20.694177091121524,0.029125043841965365
Gorgeous,340172.33560090704,[139.67483108],0.40669984,-59.429554,0.5360417741132916,23.75717,0.8348048059230179,0.0009886153,1.9364108,19.30940287339764,0.0,50.0,0.6909269,19.30940287339764,0.053717603455631396
Getaway Car,29753.469387755104,[114.84375],0.11761495,-70.39262,0.14884352386889163,26.833311,0.9043203513998491,0.0041343514,1.1850498,22.4462171491592,0.0,50.0,0.51198995,22.4462171491592,0.03801915666764218
King of My Heart,361430.2083333333,[83.95522388],0.17653663,-64.13913,0.08870299520261135,26.298527,0.7814048864564338,0.026254049,1.3404012,20.444373977275887,0.0,50.0,0.54542434,20.444373977275887,0.12556227718006877
Dancing with Our Hands Tied,29753.469387755104,[79.50721154],0.12991935,-72.42729,0.7682733252284873,24.61342,0.9328186275177669,0.008605224,1.0305723,22.41455487010542,0.0,50.0,0.40978456,22.41455487010542,0.027149028143595745
Dress,125502.4375,[152.02702703],0.3344276,-66.16253,0.21753109418950703,24.60379,0.913807322023242,3.1109095e-05,1.3871794,20.72428492154174,0.0,50.0,0.5203957,20.72428492154174,0.0332631321735617
This Is Why We Can't Have Nice Things,29753.469387755104,[161.49902344],0.17595994,-63.18721,0.5317557823593732,26.09613,0.799900288289259,0.008287916,1.6009487,23.606651271025516,0.0,50.0,0.47308108,23.606651271025516,0.09379039240074138
Call It What You Want,29753.469387755104,[112.34714674],0.12745036,-63.3292,0.16259385448670297,20.985424,0.8304258309061125,0.0063290615,1.2134739,21.16909585180085,0.0,50.0,0.50030434,21.16909585180085,0.09082879109355185
Cruel Summer,29753.469387755104,[109.95678191],0.19126964,-60.698254,1.179822945203272,21.05857,0.8097286975627793,0.002246182,1.3525754,21.955043339369727,0.0,50.0,0.51120996,21.955043339369727,0.10223545263876695
Lover,29753.469387755104,[105.46875],0.14348154,-68.05036,0.12213685868682082,27.166378,0.8517133731395123,0.0016227507,1.3855621,23.4093245899448,0.0,50.0,0.40291676,23.4093245899448,0.07875451175495074
The Man,29753.469387755104,[114.84375],0.10355679,-65.67721,0.14373524697088336,16.777084,0.895922682481674,0.0005148208,1.1125332,23.068984874263418,0.0,50.0,0.41751873,23.068984874263418,0.03569163984001561
The Archer,231444.91666666666,[175.78125],0.17599697,-68.19295,0.5123930080849822,24.658142,0.9019756175944668,0.00049529626,1.0823277,20.84747705506356,0.0,50.0,0.42353332,20.84747705506356,0.0437498807311603
Paper Rings,29753.469387755104,[103.359375],0.12240778,-66.68607,0.2590152106352223,25.104168,0.8609317322428578,0.008774067,1.5831158,21.747139464245866,0.0,50.0,0.4395653,21.747139464245866,0.07173766583747927
Cornelia Street,29753.469387755104,[105.46875],0.061909806,-75.228355,0.13670365410481577,20.354984,0.927020465667553,0.007505784,0.8956726,22.365672189908537,0.0,50.0,0.32672462,22.365672189908537,0.03907698029460541
Death by a Thousand Cuts,29753.469387755104,[93.96306818],0.09573354,-69.39772,0.14443022240120226,20.64679,0.9091619389075201,0.0074453996,1.269702,22.881901552819826,0.0,50.0,0.3033778,22.881901552819826,0.050104867817773874
London Boy,293880.0,[144.23076923],0.1962695,-67.469376,0.12799833366701693,31.083628,0.8835063229119289,0.22464702,1.1449349,18.668924355277095,0.0,50.0,0.39509356,18.668924355277095,0.0625375011342498
Soon You'll Get Better,29753.469387755104,[103.359375],0.07551111,-70.36183,0.16893050033053952,22.454609,0.9154954540412429,0.0007430166,1.0649666,24.41199889052172,0.0,50.0,0.37507334,24.41199889052172,0.03471764949760999
False God,29753.469387755104,[80.74951172],0.122640826,-74.82849,0.5068030337482446,23.295992,0.9424501509465648,0.0082098525,0.9112054,22.277288503152242,0.0,50.0,0.50196546,22.277288503152242,0.02148799507365135
You Need to Calm Down,29753.469387755104,[84.72079918],0.23234372,-67.748566,0.2058872267228754,26.94464,0.8900381822373046,0.0028264818,1.3200947,21.33588562034292,0.0,50.0,0.6273105,21.33588562034292,0.04324882938249927
Afterglow,193118.61678004535,[97.50884434],0.22910629,-63.191,0.18420136629338293,26.26881,0.8337308067542555,0.0012166173,1.2598053,22.44758253736048,0.0,50.0,0.38756698,22.44758253736048,0.08496628498152593
ME!,134884.72916666666,[87.890625],0.10638038,-64.29564,0.31534497642637455,19.108545,0.8825110081994967,0.013589594,1.1418985,20.964914581162986,0.0,50.0,0.4303195,20.964914581162986,0.05435968705995412
It's Nice to Have a Friend,29753.469387755104,[69.83741554],0.13999209,-69.79802,0.07982479761728159,23.743446,0.9173090338815943,0.008243463,1.1087948,23.169308374049162,0.0,50.0,0.27145618,23.169308374049162,0.045371335723344064
Daylight,174658.85416666666,[152.02702703],0.24473579,-69.26631,0.62675319386636,16.96133,0.9337702242254468,6.3934494e-05,1.0677848,21.106405713778386,0.0,50.0,0.5339925,21.106405713778386,0.03370713742563629
the 1,320203.1875,[165.44117647],0.13460664,-69.596436,0.4111195725670145,24.216816,0.8853094692050749,0.015471105,1.1378736,22.0077695331815,0.0,50.0,0.44595188,22.0077695331815,0.04645292608150567
cardigan,324848.7708333333,[130.81395349],0.18601708,-68.83671,0.19417805796533286,22.143078,0.9144367127170276,0.00030858614,0.99592125,20.758734027033746,0.0,50.0,0.45374703,20.758734027033746,0.03880613421334966
the last great american dynasty,29753.469387755104,[147.65625],0.13267905,-72.63902,1.054439239114698,25.917809,0.9141134051152433,0.0006344576,1.0319841,23.34834903884893,0.0,50.0,0.3864164,23.34834903884893,0.039791087454882454
exile,29753.469387755104,[132.51201923],0.25404564,-58.50448,0.28659123963280453,15.490862,0.8571512684717633,0.00020739342,1.1898103,20.108187675748006,0.0,50.0,0.59022456,20.108187675748006,0.09086156228660619
my tears ricochet,29753.469387755104,[117.45383523],0.07671263,-74.103134,0.2332519556511107,27.583996,0.9493800225346307,0.0074244123,0.72017854,24.498232321602014,0.0,50.0,0.27900895,24.498232321602014,0.028167221490586283
mirrorball,147795.0113378685,[114.84375],0.14725806,-66.56386,0.3791042173479665,22.496046,0.8930888121950465,0.001373429,1.2377554,22.665156447273645,0.0,50.0,0.5422843,22.665156447273645,0.03404912117046347
seven,155178.9583333333,[106.13207547],0.11042572,-67.99882,0.2758989851394315,23.928654,0.8881374550119132,0.0006722889,1.18232,20.853860900902873,0.0,50.0,0.42992932,20.853860900902873,0.055445661527886485
august,397418.6666666666,[152.02702703],0.07184909,-68.89926,0.27120703634303156,25.027088,0.8979774560084048,0.04791033,1.0265383,20.848195507020797,0.0,50.0,0.38477692,20.848195507020797,0.04591641811825648
this is me trying,29753.469387755104,[90.66611842],0.087171085,-73.16741,0.06716747097386469,13.279285,0.9492185183880331,0.0074325157,0.9447097,21.009582256318957,0.0,50.0,0.49138576,21.009582256318957,0.023431403033850356
illicit affairs,29753.469387755104,[156.60511364],0.076426335,-72.27136,0.17789434083507252,18.30084,0.9340779453883978,0.007448307,0.97341526,24.42193544448054,0.0,50.0,0.43769363,24.42193544448054,0.022141894693200662
invisible string,29753.469387755104,[83.35433468],0.1369888,-68.08121,0.1957847114231948,25.990974,0.9011181621571842,0.0015002616,1.1472024,25.121315726856064,0.0,50.0,0.39530587,25.121315726856064,0.041358007755340945
mad woman,240576.97916666666,[104.16666667],0.1307247,-67.553314,0.17848976007383136,26.07361,0.8992978239739261,0.00012224718,1.1204578,20.548050079230723,0.0,50.0,0.46287143,20.548050079230723,0.04587564877666062
epiphany,206341.47916666666,[110.29411765],0.26000863,-77.05031,0.14436590832790375,12.900694,0.9848797219751232,0.00010415547,0.6278242,20.882648652809873,0.0,50.0,0.65720445,20.882648652809873,0.007461639993816884
betty,225646.41666666666,[117.1875],0.2964748,-69.99825,0.30032207647923836,27.930788,0.9023601699492155,0.0044633183,1.3459084,21.538155568663246,0.0,50.0,0.5378636,21.538155568663246,0.05599551584577198
peace,218430.125,[133.92857143],0.21394382,-69.991905,0.13268862095995554,22.852926,0.9177030317166359,0.00019395343,1.1385608,21.572507377452673,0.0,50.0,0.4626894,21.572507377452673,0.03783494454653023
hoax,274227.6666666667,[156.25],0.1745064,-65.16681,0.37679465508275023,18.723385,0.8724344288325399,0.0005327985,1.1509753,22.516122490150472,0.0,50.0,0.46107626,22.516122490150472,0.06196197381008238
willow,214064.77083333334,[112.5],0.2210926,-72.930756,0.10224868456694468,17.099493,0.9578731909637344,0.0031016353,1.0401987,21.165367025917163,0.0,50.0,0.51721257,21.165367025917163,0.015546599067708188
champagne problems,198275.19274376417,[129.19921875],0.19127844,-67.21118,0.27577650426715317,26.261686,0.8662058899569962,0.0030285355,1.0715405,23.480028921308666,0.0,50.0,0.42608148,23.480028921308666,0.0588809204458953
gold rush,197520.9791666667,[106.13207547],0.28162476,-57.185486,0.1795478094726511,22.557503,0.8101796923088773,0.04477277,1.2005459,20.463488537045077,0.0,50.0,0.49144322,20.463488537045077,0.0944072712951272
'tis the damn season,29753.469387755104,[143.5546875],0.17389609,-70.14529,0.24056068533840014,21.946339,0.9365647888493097,0.0010959661,0.95456374,23.5886677647756,0.0,50.0,0.32500386,23.5886677647756,0.026996603989854647
tolerate it,135569.1041666667,[170.45454545],0.23109055,-68.4983,0.39929857906312766,27.497953,0.8825405856867254,0.003072386,1.4510416,20.957699715472124,0.0,50.0,0.60477036,20.957699715472124,0.04210091501612723
"no body, no crime",29753.469387755104,[156.60511364],0.116023496,-67.01851,0.3644870837986627,23.494429,0.8756279424519279,0.0029025571,0.95582247,22.06442549798279,0.0,50.0,0.40274796,22.06442549798279,0.0600993195785777
happiness,355862.1041666666,[144.23076923],0.27926588,-66.30146,0.5050868224028019,24.605825,0.9025609462098504,0.00023296812,1.4347209,19.56917292121716,0.0,50.0,0.6061573,19.56917292121716,0.03848260278252678
dorothea,146889.43310657595,[107.66601562],0.19652782,-65.606674,0.7833374265423854,25.602505,0.863638695851122,0.0006037739,1.3849007,22.171053828071823,0.0,50.0,0.4640389,22.171053828071823,0.07217331004979449
coney island,145728.9791666667,[104.16666667],0.15851872,-66.49883,0.16562625052295407,28.783527,0.92046865760888,0.10693109,0.8623243,21.018297423649557,0.0,50.0,0.3199747,21.018297423649557,0.04770756674311661
ivy,180000.0,[119.68085106],0.28065485,-67.3916,0.2703789259213437,23.500149,0.9095523543780495,9.3112954e-05,1.2192639,21.948530716690584,0.0,50.0,0.5409177,21.948530716690584,0.026828935185185185
cowboy like me,220937.875,[112.5],0.19680873,-68.38201,0.3311245450135859,26.011003,0.90790046481668,0.023054134,1.1444728,21.28285251051823,0.0,50.0,0.4528653,21.28285251051823,0.04043727224225362
marjorie,140199.1875,[137.19512195],0.29576668,-66.47005,0.18322336050957544,26.940962,0.907712734840096,0.0021158876,1.6101105,19.96878928259762,0.0,50.0,0.6334993,19.96878928259762,0.03252782759529188
closure,207395.0625,[85.22727273],0.097517885,-70.84001,0.10811209614604504,23.991245,0.8981013545042941,0.003156784,1.2629888,22.851933917815707,0.0,50.0,0.43213314,22.851933917815707,0.043152947931599545
evermore,240276.22916666666,[130.81395349],0.167079,-68.79985,0.29033714211310785,29.693882,0.9012514282861956,0.0008338451,0.983613,21.00956655526478,0.0,50.0,0.45176554,21.00956655526478,0.04956708246992459
Mr. Perfectly Fine,29753.469387755104,[135.99917763],0.12356173,-66.95068,0.9052317074454137,21.929827,0.8870022685553274,0.0020004997,1.048951,22.593592816762847,0.0,50.0,0.4247817,22.593592816762847,0.050460016095990635
You All Over Me,128250.0,[80.35714286],0.40554434,-61.75713,0.20298000812059894,21.9458,0.8795163277904883,0.00027199258,1.1492755,19.143302834503768,0.0,50.0,0.5373055,19.143302834503768,0.05496003898635478
We Were Happy,29753.469387755104,[109.95678191],0.06268768,-74.28944,0.24445885638435932,28.359056,0.9338097614650183,0.0011471934,0.6115983,23.464333039133702,0.0,50.0,0.30201343,23.464333039133702,0.04237620110233148
all too well (10 minute version),29753.469387755104,[93.96306818],0.060471695,-71.86994,0.13599200806476627,19.517168,0.9409615957384196,0.00847945,0.9699777,21.406120784302935,0.0,50.0,0.44010124,21.406120784302935,0.02129060579455663
state of grace (acoustic version) (taylor's version),29753.469387755104,[129.19921875],0.19848725,-63.725098,1.1675275443171758,20.032532,0.8830563299556241,0.007308197,1.3554049,20.20887154417522,0.0,50.0,0.66054726,20.20887154417522,0.0383407716320359
red (taylor's version),29753.469387755104,[126.04801829],0.14365003,-68.13966,0.26603942167210665,20.192278,0.8835379984467546,0.0063962783,1.034464,24.446406442662347,0.0,50.0,0.34752348,24.446406442662347,0.05199873792800702
Message in a Bottle (Taylor's Version),29753.469387755104,[114.84375],0.24935365,-67.08886,0.36128686734821935,20.755856,0.9023841166768989,0.002761481,1.2227452,24.578448034458653,0.0,50.0,0.4767374,24.578448034458653,0.033764998536728125
Better Man (Taylor's Version),29753.469387755104,[147.65625],0.10399493,-67.88689,0.3585073001630614,20.998405,0.9011587162802736,0.0018803963,0.9714741,23.021424948266855,0.0,50.0,0.37433717,23.021424948266855,0.03867915325334114
Babe (Taylor's Version),29753.469387755104,[112.34714674],0.12881316,-67.65639,0.08921782138273669,23.271278,0.8769674052503684,0.0032604465,1.184545,22.938987818254454,0.0,50.0,0.4865855,22.938987818254454,0.05445962589015706
Carolina,122868.39583333334,[83.95522388],0.23782972,-69.51731,0.6701457110368438,22.251474,0.8870405785765147,0.0004885443,1.4131866,21.18658907387962,0.0,50.0,0.5294153,21.18658907387962,0.05826864550027528
Lavender Haze,202395.79166666666,[96.98275862],0.2678609,-69.04421,0.17759720718656224,23.037558,0.9280430749878341,0.0010891902,1.1684842,20.851674398425043,0.0,50.0,0.58173764,20.851674398425043,0.022204224849042685
Maroon,224052.2291666667,[119.68085106],0.21833956,-72.06643,0.9883162991476203,26.443348,0.9148474554454321,0.0003108057,1.3094018,22.479894226047183,0.0,50.0,0.47901255,22.479894226047183,0.04090099155637725
Anti-Hero,200690.16666666666,[96.98275862],0.24597359,-65.72563,0.1748667577507141,19.212563,0.9001895502541539,0.0013018101,1.0894368,20.71337111381354,0.0,50.0,0.51768756,20.71337111381354,0.04323330905599926
Snow on the Beach,256124.0833333333,[110.29411765],0.18583986,-70.73512,0.1467716222338217,22.637474,0.928139175508209,0.00011597572,0.99091065,21.67418054598593,0.0,50.0,0.50476193,21.67418054598593,0.0255162780800582
"You're on Your Own, Kid",29753.469387755104,[120.18531977],0.2053558,-68.6744,0.14911456249769026,22.143879,0.914746082217459,0.00042154582,1.0943764,25.182029151624235,0.0,50.0,0.5343846,25.182029151624235,0.021867531216466687
Midnight Rain,149524.91666666666,[165.44117647],0.18179701,-57.546753,0.3792566318523427,24.216787,0.8214171352111934,0.0011730276,1.1475494,20.88138693407143,0.0,50.0,0.5279519,20.88138693407143,0.07498778074334322
Question...?,29753.469387755104,[143.5546875],0.23520444,-56.613213,0.7691394845237395,14.79677,0.8316261648663349,0.0008272971,1.2148434,20.38694550227474,0.0,50.0,0.541919,20.38694550227474,0.07310033777192469
Vigilante Shit,29753.469387755104,[79.50721154],0.23828009,-71.930214,0.21764446159048464,30.84591,0.9097893107590902,0.00647095,1.1371607,21.51023553842484,0.0,50.0,0.62964875,21.51023553842484,0.03308594893181153
Labyrinth,419956.0997732426,[139.67483108],0.33308122,-67.624535,0.5524905077824925,23.177776,0.8980927871126461,0.01584804,1.565192,19.75023380850367,0.0,50.0,0.66528875,19.75023380850367,0.02921221006579675
Mastermind,165022.77083333334,[85.22727273],0.28356513,-69.44964,0.13916576837412542,26.978563,0.9021839914872345,0.0011928554,1.2443101,22.156440060997035,0.0,50.0,0.537782,22.156440060997035,0.039473845339273256
Hits Different,165511.83673469388,[139.67483108],0.21398716,-58.169884,0.2685759369217093,20.556084,0.8302928043446567,0.0010863506,1.4468095,21.40113646810783,0.0,50.0,0.5258839,21.40113646810783,0.06265180011924804
Cruel Summer (Live),29753.469387755104,[109.95678191],0.19126964,-60.698254,1.179822945203272,21.05857,0.8097286975627793,0.002246182,1.3525754,21.955043339369727,0.0,50.0,0.51120996,21.955043339369727,0.10223545263876695
The Archer (Live),231444.91666666666,[175.78125],0.17599697,-68.19295,0.5123930080849822,24.658142,0.9019756175944668,0.00049529626,1.0823277,20.84747705506356,0.0,50.0,0.42353332,20.84747705506356,0.0437498807311603
If This Was a Movie (Taylor’s Version),29753.469387755104,[147.65625],0.18000275,-59.251286,0.292203351423019,16.926815,0.8213136655345731,0.00058602117,1.0482917,25.351408328173537,0.0,50.0,0.3491731,25.351408328173537,0.08739315066822749
Timeless (Taylor’s Version),29753.469387755104,[71.77734375],0.11146784,-67.636406,0.1195401118592726,23.041206,0.8799209722826596,0.0011453955,1.0492263,24.414208213939283,0.0,50.0,0.41618857,24.414208213939283,0.05765291191103307
The A Team,290796.1875,[104.16666667],0.30554667,-66.63221,0.36550123409859947,23.861225,0.896535475267559,0.00013329773,1.2356356,21.678743157621685,0.0,50.0,0.5553614,21.678743157621685,0.04009910434835624
LEGO House,183614.693877551,[161.49902344],0.17811516,-64.25753,0.3231563831850037,21.717487,0.8919773905147433,0.0011488248,1.1101905,21.95561343809901,0.0,50.0,0.44931558,21.95561343809901,0.04028461947329318
Give Me Love,29753.469387755104,[68.90625],0.21909049,-58.17015,0.12085614413556024,13.142612,0.8642134848702714,0.00014418545,1.0324326,20.180292134478343,0.0,50.0,0.5417955,20.180292134478343,0.07814252877768023
Drunk,150807.08333333334,[127.84090909],0.17634739,-67.74445,0.20723184524584815,28.467018,0.9140036440187802,0.00079725846,1.1643547,21.271510737921687,0.0,50.0,0.44618028,21.271510737921687,0.032665629653779525
Small Bump,247066.125,[80.35714286],0.18020493,-72.50437,0.07326924508545592,23.775038,0.9423152472283285,0.054246824,0.928761,21.72275528444877,0.0,50.0,0.47132528,21.72275528444877,0.024070647753376414
Kiss Me,29753.469387755104,[114.84375],0.14943518,-61.058075,0.8805503981015383,23.584263,0.8118965541844099,0.00097520853,1.1391207,22.039962931479476,0.0,50.0,0.5093636,22.039962931479476,0.08965436298897668
Grade 8,231944.1458333333,[112.5],0.2896265,-63.949455,0.5541110769093733,19.779568,0.8532154605614458,0.00038033305,1.3487116,22.583290453005922,0.0,50.0,0.37382138,22.583290453005922,0.0818492670514516
Wake Me Up,29753.469387755104,[123.046875],0.13776307,-63.370224,0.1844288285524808,21.13185,0.8847975269844026,5.9724527e-05,1.0871956,23.508647658967057,0.0,50.0,0.43431363,23.508647658967057,0.05925870037069554
Autumn Leaves,152163.27083333334,[117.1875],0.11488129,-72.45096,0.10958241195459305,17.912823,0.9517929877317535,0.00038143276,0.9918363,21.635702531021302,0.0,50.0,0.3524593,21.635702531021302,0.027431335064021827
Little Bird,256862.04166666663,[144.23076923],0.30036038,-59.155163,0.9923006756218724,20.40295,0.8348951738969403,0.000418205,1.4263934,21.472963060651306,0.0,50.0,0.49818316,21.472963060651306,0.08345222281286209
One,437185.306122449,[143.5546875],0.28379434,-64.86156,0.45148811742480105,25.42046,0.8694824154799212,0.00093680574,1.3198214,20.39075960009038,0.0,50.0,0.61287636,20.39075960009038,0.047558666364589976
Photograph,29753.469387755104,[129.19921875],0.25180757,-58.36577,0.5860081100368992,19.749338,0.8691279838143904,0.0002212034,0.9282121,20.911389459200475,0.0,50.0,0.48547515,20.911389459200475,0.0808175726758365
Thinking Out Loud,234344.5,[83.95522388],0.23651184,-63.090725,0.1880028416568454,22.570951,0.8354104629637733,0.0007352622,1.272085,22.5033471789127,0.0,50.0,0.504965,22.5033471789127,0.07637464999889763
Bloodstream,272760.0,[104.16666667],0.16949487,-70.17961,0.19397726467107182,23.911776,0.9169556062146282,0.04848324,1.0787165,21.622736370139506,0.0,50.0,0.47873825,21.622736370139506,0.02836697096348438
Don't,194425.0,[133.92857143],0.19989955,-64.309814,0.12584853804973675,26.78163,0.884966875316123,0.00013673576,1.421518,22.136154126725017,0.0,50.0,0.4710235,22.136154126725017,0.05162916291629163
Sing,349901.5,[140.625],0.24660222,-65.24854,0.3637708378574108,21.774364,0.9049239959838398,0.00025294535,1.1358271,22.42912608156936,0.0,50.0,0.37682852,22.42912608156936,0.0429506589711676
Afire Love,209503.125,[110.29411765],0.3077744,-64.92394,0.20699460205975667,22.334639,0.8915650979311601,4.3395958e-05,1.1140803,21.521562453651836,0.0,50.0,0.5065876,21.521562453651836,0.038782933826563844
Tenerife Sea,241346.66666666666,[122.2826087],0.19223517,-69.23238,0.1924627667382287,23.759224,0.9012377606584796,0.0007290898,0.9584952,22.52467777157173,0.0,50.0,0.46594423,22.52467777157173,0.04064373169990608
Runaway,230164.91666666666,[140.625],0.19196142,-69.53692,0.7308750762456462,25.432121,0.9153146496226812,0.02252375,1.2836785,20.825744119121484,0.0,50.0,0.45204955,20.825744119121484,0.04022152232149484
The Man,29753.469387755104,[114.84375],0.10355679,-65.67721,0.14373524697088336,16.777084,0.895922682481674,0.0005148208,1.1125332,23.068984874263418,0.0,50.0,0.41751873,23.068984874263418,0.03569163984001561
Even My Dad Does Sometimes,228533.33333333334,[130.81395349],0.19196002,-70.03405,0.1912035473108158,24.004639,0.9253616891453329,0.00047850085,0.8317483,21.257474780898466,0.0,50.0,0.4450143,21.257474780898466,0.035675867852975496
Castle on the Hill,261153.72916666666,[133.92857143],0.28526556,-65.02984,0.2039332647761194,20.586552,0.9073671898096578,0.0004935361,1.0341588,20.98263912522417,0.0,50.0,0.4832465,20.98263912522417,0.047614116812902105
Shape of You,232542.0416666667,[127.84090909],0.17087269,-63.281387,0.13270606252735653,20.984486,0.9011670766369844,6.656195e-05,1.3524652,21.268568649590765,0.0,50.0,0.40909955,21.268568649590765,0.048763225431100364
Perfect,29753.469387755104,[92.28515625],0.07727606,-67.674355,0.14774753566208051,24.445894,0.83326584701145,0.0059729894,1.021635,23.93137453914093,0.0,50.0,0.4064207,23.93137453914093,0.09044087162228075
Dive,216973.0625,[148.02631579],0.16263875,-64.98373,0.4565056978614529,22.973402,0.8791564906515978,0.000287063,1.1505675,21.729517317506467,0.0,50.0,0.4697223,21.729517317506467,0.057623320560050324
How Would You Feel (Paean),285049.2291666667,[68.59756098],0.13440174,-68.48154,0.09500276814338626,21.68056,0.9201030481317374,0.0025901361,0.90282595,22.370669407411537,0.0,50.0,0.4103933,22.370669407411537,0.03946949806842576
Supermarket Flowers,221239.7291666667,[90.72580645],0.07693605,-71.72972,0.10410951312954819,25.542147,0.911678968796642,0.0003736213,0.8955994,23.014723156661134,0.0,50.0,0.32830682,23.014723156661134,0.04253568456614794
Nancy Mulligan,29753.469387755104,[101.33272059],0.23761556,-65.73065,0.33558495325974363,19.106401,0.8848059066682343,0.0005862911,1.4924563,22.648060911139655,0.0,50.0,0.3905484,22.648060911139655,0.050586528143595745
Barcelona,7148068.583333334,[127.84090909],0.10069742,-66.580444,0.4300478328398639,23.43939,0.8802713121463133,0.00013978723,1.440634,20.471363171820702,0.0,50.0,0.65028894,20.471363171820702,0.06515909897945275
Bibia Be Ye Ye,29753.469387755104,[126.04801829],0.19022611,-69.76397,0.16222364238040002,23.635416,0.9009473250180594,0.00056664215,1.3196913,23.636750502273767,0.0,50.0,0.34647566,23.636750502273767,0.048968545751633986
Save Myself,141369.91666666666,[144.23076923],0.16376737,-68.97965,0.3049362044152574,24.062761,0.8925157565826927,0.003401592,1.1952466,22.460114364302342,0.0,50.0,0.50889707,22.460114364302342,0.038766056427611016
I Don't Care,195535.25,[112.5],0.2997368,-64.170135,0.10862155505262756,25.029793,0.8896177363127578,0.00021997794,1.2733934,22.404004693857516,0.0,50.0,0.42606774,22.404004693857516,0.03888141652208489
Beautiful People,269585.2291666667,[92.21311475],0.2937713,-68.47438,0.15493018312468443,26.122438,0.9103771710994966,0.00024502477,0.959654,21.472474066853152,0.0,50.0,0.45825967,21.472474066853152,0.04188965904490161
Cross Me,130728.97916666667,[127.84090909],0.12471353,-67.58786,0.2218461349657524,27.954985,0.8540582816058978,0.012751879,1.2909482,22.513583679353744,0.0,50.0,0.44870922,22.513583679353744,0.08593095990097835
Take Me Back to London,189733.3333333333,[137.19512195],0.24307287,-66.7539,0.2168387080452644,25.584465,0.8955795976363666,0.011024334,1.455209,21.436007327962237,0.0,50.0,0.48041922,21.436007327962237,0.045960558678847505
Best Part of Me,29753.469387755104,[95.703125],0.1457063,-66.06165,0.11302417202633702,25.649523,0.8367430124530932,0.00053146924,1.5779883,22.627741136742078,0.0,50.0,0.43865868,22.627741136742078,0.09448697078333822
Antisocial,145937.4166666667,[108.17307692],0.16464092,-72.62212,0.13023953434675012,26.04714,0.9046620157675903,1.8916355e-05,1.1206363,22.76210049386923,0.0,50.0,0.54450047,22.76210049386923,0.037920935286758196
Remember the Name,204000.0,[170.45454545],0.19178468,-70.469536,0.26971865046436205,24.279377,0.914394516904061,0.003143834,1.2055856,20.436585274111227,0.0,50.0,0.55211955,20.436585274111227,0.0465297181372549
Feels,182046.1875,[133.92857143],0.22785906,-66.428535,0.255426189205798,23.751371,0.8613461404316767,0.0004165448,1.3705295,21.411242149588382,0.0,50.0,0.4826258,21.411242149588382,0.06593850896584509
Put It All on Me,29753.469387755104,[101.33272059],0.09257536,-61.280277,0.24000391845178917,21.21988,0.8786691730500916,0.0075486973,1.0888395,22.20979351578129,0.0,50.0,0.40561375,22.20979351578129,0.06994820627255878
Nothing on You,245945.75963718822,[109.95678191],0.13374451,-73.1466,0.09166360935777298,22.818632,0.9329035018421878,0.0015728172,1.112325,21.304588240346042,0.0,50.0,0.5305128,21.304588240346042,0.023681732823121224
South of the Border,29753.469387755104,[129.19921875],0.11808008,-63.247353,0.11730992290587848,23.29311,0.870582233192736,0.0063828994,1.4111139,23.35183291575264,0.0,50.0,0.44375739,23.35183291575264,0.06037978002146132
